Column_1,Column_2,Column_3,Column_4,Column_5
1,阿,13,土
2,啊,11,土
3,呵,8,木
4,腌,15,土
5,锕,16,金
6,嗄,13,木
7,哀,9,土
8,挨,11,土
9,埃,10,土
10,唉,10,土
11,捱,12,土
12,呆,7,水
13,皑,15,火
14,矮,13,土
15,蔼,22,木
16,霭,24,木
17,嗳,16,土
18,爱,13,土
19,碍,19,土
20,艾,8,土
21,隘,18,土
22,暧,17,火
23,瑷,18,土
24,嗌,13,土
25,安,6,土
26,谙,16,土
27,鞍,15,土
28,庵,11,土
29,桉,10,木
30,鹌,19,土
31,广,15,木
32,厂,15,金
33,俺,10,土
34,揞,13,土
35,埯,11,土
36,案,10,土
37,按,10,土
38,暗,13,土
39,岸,8,水
40,黯,21,水
41,胺,12,土
42,犴,7,火
43,肮,10,土
44,昂,8,木
45,盎,10,土
46,熬,15,火
47,凹,5,土
48,敖,11,土
49,嚣,21,木
50,嗷,14,土
51,鏖,19,金
52,鳌,23,土
53,獒,15,土
54,聱,17,土
55,螯,17,土
56,廒,14,土
57,遨,18,土
58,袄,19,土
59,拗,9,土
60,媪,13,土
61,奥,13,土
62,澳,17,水
63,傲,13,土
64,懊,17,土
65,坳,8,土
66,骜,21,土
67,鏊,19,金
68,八,2,水
69,吧,7,水
70,巴,4,水
71,叭,5,水
72,芭,10,木
73,扒,6,水
74,疤,9,水
75,笆,10,木
76,捌,11,水
77,拔,9,水
78,跋,12,水
79,茇,11,木
80,菝,14,木
81,魃,15,水
82,把,8,水
83,靶,13,水
84,钯,12,金
85,爸,8,水
86,罢,16,水
87,霸,21,水
88,坝,24,土
89,耙,10,木
90,灞,25,水
91,白,5,水
92,百,6,水
93,摆,19,火
94,伯,7,水
95,柏,9,木
96,佰,8,火
97,捭,12,火
98,败,11,水
99,拜,9,水
100,呗,10,水
101,稗,13,火
102,般,10,水
103,班,11,水
104,搬,14,水
105,斑,12,水
106,颁,13,水
107,扳,8,水
108,瘢,15,水
109,版,8,水
110,板,8,木
111,阪,12,土
112,坂,12,土
113,钣,12,金
114,舨,10,水
115,办,16,水
116,半,5,水
117,伴,7,水
118,扮,8,水
119,瓣,19,水
120,拌,9,水
121,绊,11,水
122,帮,17,水
123,邦,11,水
124,浜,11,水
125,梆,11,木
126,膀,16,水
127,榜,14,木
128,绑,13,水
129,棒,12,木
130,傍,12,水
131,磅,15,土
132,谤,17,水
133,镑,18,金
134,蚌,10,水
135,蒡,16,木
136,包,5,水
137,胞,11,水
138,炮,9,火
139,剥,10,金
140,褒,15,水
141,苞,11,木
142,孢,8,水
143,龅,20,水
144,薄,19,水
145,雹,13,水
146,保,9,水
147,宝,20,火
148,饱,14,水
149,堡,12,土
150,葆,15,木
151,褓,15,水
152,鸨,15,水
153,报,12,水
154,暴,15,水
155,抱,9,水
156,爆,19,火
157,鲍,16,水
158,曝,19,火
159,刨,7,金
160,瀑,19,水
161,豹,10,水
162,趵,10,水
163,背,11,水
164,悲,12,水
165,杯,8,木
166,碑,13,土
167,卑,8,水
168,陂,13,水
169,埤,11,土
170,萆,14,木
171,鹎,19,水
172,北,5,水
173,被,11,水
174,备,12,水
175,辈,15,水
176,倍,10,水
177,贝,7,水
178,蓓,16,木
179,惫,16,水
180,悖,11,水
181,狈,11,水
182,焙,12,火
183,邶,12,水
184,钡,15,金
185,孛,7,水
186,褙,15,水
187,鐾,21,金
188,鞴,19,水
189,臂,19,水
190,奔,9,水
191,贲,12,水
192,锛,16,金
193,本,5,木
194,苯,11,木
195,畚,10,水
196,笨,11,木
197,夯,5,水
198,坌,7,土
199,崩,11,土
200,绷,17,水
201,迸,13,水
202,甏,17,水
203,泵,9,水
204,逼,16,水
205,鼻,14,水
206,荸,13,木
207,比,4,水
208,笔,12,木
209,彼,8,水
210,鄙,18,水
211,匕,2,金
212,俾,10,水
213,妣,7,水
214,吡,7,水
215,秕,9,水
216,舭,10,水
217,必,5,水
218,毕,11,水
219,币,15,水
220,秘,10,水
221,避,20,水
222,闭,11,水
223,壁,16,土
224,弊,15,水
225,辟,13,水
226,碧,14,水
227,拂,9,水
228,毙,18,水
229,蔽,18,木
230,庇,7,水
231,璧,18,土
232,敝,12,水
233,泌,9,水
234,陛,15,水
235,弼,12,水
236,篦,16,木
237,婢,11,水
238,愎,13,水
239,痹,13,水
240,铋,13,金
241,裨,14,水
242,濞,18,水
243,髀,18,水
244,庳,11,水
245,毖,9,水
246,滗,16,水
247,芘,10,木
248,嬖,16,水
249,荜,17,木
250,畀,8,水
251,薜,19,木
252,筚,17,木
253,箅,14,木
254,哔,14,水
255,襞,19,水
256,跸,18,水
257,狴,11,水
258,编,15,水
259,边,22,水
260,鞭,18,水
261,砭,10,土
262,蝙,15,水
263,笾,24,木
264,贬,12,水
265,扁,9,水
266,匾,11,水
267,碥,14,土
268,窆,10,水
269,褊,15,水
270,便,9,水
271,变,23,水
272,遍,16,水
273,辩,21,水
274,辨,16,水
275,辫,20,水
276,卞,4,木
277,苄,10,木
278,汴,8,水
279,忭,8,水
280,弁,5,水
281,缏,15,水
282,标,15,木
283,彪,11,水
284,勺,3,火
285,镖,19,金
286,膘,17,水
287,骠,21,水
288,镳,23,金
289,杓,7,木
290,飑,14,水
291,飙,21,水
292,瘭,16,水
293,髟,10,水
294,表,9,水
295,裱,14,水
296,婊,11,水
297,鳔,22,水
298,憋,16,水
299,瘪,19,水
300,鳖,23,水
301,别,7,水
302,蹩,19,水
303,宾,14,水
304,滨,18,水
305,彬,11,木
306,斌,11,水
307,缤,20,水
308,濒,20,水
309,槟,18,木
310,傧,16,水
311,玢,9,水
312,豳,17,水
313,镔,22,金
314,鬓,24,水
315,殡,18,水
316,摈,18,水
317,膑,20,水
318,髌,24,水
319,兵,7,水
320,冰,6,水
321,饼,15,水
322,屏,9,水
323,丙,5,火
324,柄,9,木
325,秉,8,水
326,炳,9,火
327,禀,13,水
328,邴,12,水
329,病,10,水
330,摒,15,水
331,波,9,水
332,播,16,水
333,拨,16,水
334,玻,10,水
335,饽,16,水
336,菠,14,水
337,博,12,水
338,勃,9,水
339,泊,9,水
340,驳,14,水
341,魄,15,水
342,脖,13,水
343,搏,14,水
344,膊,16,水
345,舶,11,水
346,礴,22,土
347,帛,8,水
348,铂,13,金
349,箔,14,水
350,渤,13,水
351,钹,13,金
352,亳,10,水
353,鹁,18,水
354,踣,15,水
355,簸,19,木
356,跛,12,水
357,擘,17,水
358,檗,17,木
359,卜,17,水
360,逋,14,水
361,晡,11,火
362,钸,13,金
363,不,4,水
364,醭,19,水
365,补,13,水
366,捕,11,水
367,哺,10,水
368,卟,5,水
369,部,15,水
370,布,5,水
371,步,7,水
372,怖,9,水
373,簿,19,水
374,埠,11,土
375,瓿,13,水
376,擦,18,金
377,拆,9,金
378,礤,20,土
379,猜,12,金
380,才,4,金
381,财,10,金
382,材,7,木
383,裁,12,金
384,采,7,火
385,彩,11,金
386,踩,15,金
387,睬,13,金
388,菜,14,木
389,蔡,17,木
390,参,11,金
391,餐,16,金
392,骖,21,金
393,残,12,金
394,惭,15,金
395,蚕,24,金
396,惨,15,金
397,黪,23,金
398,灿,17,火
399,掺,15,金
400,璨,18,金
401,孱,12,金
402,粲,13,金
403,苍,16,木
404,仓,10,金
405,沧,14,水
406,伧,12,金
407,藏,20,木
408,操,17,金
409,糙,17,金
410,曹,10,金
411,槽,15,木
412,嘈,14,金
413,漕,15,水
414,螬,17,金
415,艚,17,金
416,草,12,木
417,策,12,木
418,测,13,水
419,侧,11,金
420,厕,12,金
421,恻,13,金
422,岑,7,木
423,涔,11,水
424,噌,15,火
425,曾,12,金
426,层,15,火
427,蹭,19,火
428,差,10,金
429,插,13,金
430,叉,3,金
431,杈,7,木
432,锸,17,金
433,查,9,金
434,察,14,金
435,茶,12,木
436,茬,12,木
437,楂,13,木
438,槎,14,木
439,檫,18,木
440,衩,9,土
441,刹,8,金
442,诧,13,金
443,岔,7,金
444,汊,7,水
445,姹,9,金
446,钗,11,金
447,柴,9,木
448,豺,10,金
449,侪,16,金
450,虿,19,金
451,瘥,15,金
452,搀,21,金
453,觇,12,金
454,单,12,火
455,缠,21,火
456,禅,17,金
457,蝉,18,金
458,馋,26,金
459,潺,16,水
460,蟾,19,金
461,婵,15,金
462,谗,24,金
463,廛,15,金
464,镡,20,金
465,澶,17,水
466,躔,22,金
467,产,11,金
468,铲,19,金
469,阐,20,火
470,谄,15,金
471,冁,22,金
472,蒇,18,木
473,骣,22,r
474,颤,22,火
475,忏,21,金
476,羼,21,金
477,昌,8,金
478,娼,11,金
479,猖,12,金
480,伥,10,金
481,阊,16,金
482,菖,14,木
483,鲳,19,金
484,长,8,火
485,场,12,火
486,常,11,金
487,尝,14,木
488,肠,15,金
489,偿,17,金
490,倘,10,火
491,裳,14,火
492,嫦,14,金
493,徜,11,金
494,苌,14,木
495,敞,12,金
496,氅,16,金
497,昶,9,土
498,惝,12,金
499,唱,11,金
500,畅,14,火
501,倡,10,金
502,怅,12,金
503,鬯,10,金
504,超,12,金
505,抄,8,金
506,吵,7,金
507,钞,12,金
508,绰,14,火
509,焯,12,火
510,怊,9,金
511,朝,12,金
512,潮,16,水
513,嘲,15,火
514,巢,11,金
515,晁,10,金
516,炒,8,火
517,耖,10,金
518,车,7,金
519,砗,12,土
520,尺,4,火
521,扯,8,金
522,彻,15,火
523,撤,16,火
524,澈,16,水
525,掣,12,火
526,坼,8,火
527,郴,15,木
528,琛,13,金
529,嗔,13,金
530,抻,9,金
531,陈,16,火
532,沉,8,水
533,晨,11,金
534,沈,8,水
535,尘,14,火
536,臣,6,金
537,辰,7,土
538,橙,16,木
539,忱,8,金
540,谌,16,金
541,宸,10,金
542,碜,16,土
543,称,14,金
544,趁,12,木
545,衬,22,金
546,秤,10,水
547,谶,24,金
548,榇,20,木
549,龀,17,火
550,撑,16,火
551,瞠,16,火
552,铛,21,金
553,柽,17,木
554,蛏,19,火
555,成,7,金
556,城,10,土
557,程,12,火
558,承,8,金
559,诚,14,金
560,盛,12,金
561,乘,10,金
562,呈,7,火
563,惩,19,金
564,澄,16,水
565,丞,6,金
566,枨,12,木
567,塍,13,火
568,裎,13,火
569,酲,14,金
570,逞,14,火
571,骋,17,火
572,吃,6,火
573,痴,19,火
574,哧,10,火
575,嗤,13,火
576,蚩,10,金
577,笞,11,木
578,鸱,16,火
579,媸,13,火
580,螭,17,火
581,眵,11,火
582,魑,21,火
583,持,10,金
584,迟,18,金
585,池,7,水
586,驰,13,火
587,匙,11,金
588,弛,6,火
589,踟,15,火
590,墀,14,土
591,茌,11,木
592,篪,16,木
593,坻,8,土
594,齿,15,火
595,耻,10,火
596,侈,8,火
597,褫,16,金
598,豉,11,金
599,赤,7,金
600,斥,5,金
601,翅,10,金
602,啻,12,金
603,炽,16,火
604,敕,11,火
605,叱,5,金
606,饬,13,金
607,傺,13,金
608,彳,3,火
609,瘛,15,金
610,冲,8,金
611,充,6,土
612,涌,13,水
613,憧,16,金
614,忡,8,金
615,艟,18,金
616,舂,11,金
617,茺,12,木
618,种,14,火
619,重,9,火
620,崇,11,金
621,虫,18,火
622,宠,19,金
623,铳,14,金
624,抽,9,火
625,瘳,16,金
626,愁,13,金
627,仇,4,金
628,筹,20,木
629,酬,13,金
630,绸,14,金
631,踌,21,火
632,惆,12,金
633,畴,19,金
634,稠,13,金
635,帱,17,金
636,俦,16,火
637,雠,23,火
638,丑,17,火
639,臭,10,水
640,出,5,金
641,初,7,金
642,樗,15,木
643,除,15,火
644,厨,15,金
645,躇,20,金
646,雏,18,金
647,锄,15,金
648,蜍,13,金
649,刍,10,金
650,滁,14,水
651,蹰,22,金
652,处,11,金
653,楚,13,金
654,储,18,金
655,础,18,土
656,杵,8,木
657,褚,15,火
658,楮,13,木
659,触,20,金
660,畜,10,火
661,矗,24,金
662,怵,9,金
663,搐,14,金
664,绌,11,金
665,黜,17,金
666,亍,3,金
667,憷,9,金
668,揣,13,金
669,搋,14,金
670,啜,11,金
671,踹,16,金
672,嘬,15,金
673,膪,18,金
674,穿,9,金
675,川,3,金
676,巛,3,r
677,传,13,火
678,船,11,金
679,遄,16,金
680,椽,13,木
681,舡,9,金
682,喘,12,金
683,舛,6,金
684,串,7,金
685,钏,11,金
686,创,12,金
687,窗,12,金
688,疮,15,金
689,床,7,木
690,幢,15,金
691,闯,18,水
692,怆,14,金
693,吹,7,金
694,炊,8,火
695,垂,8,金
696,锤,16,金
697,捶,12,金
698,陲,16,金
699,椎,12,木
700,槌,14,木
701,棰,12,木
702,春,9,金
703,椿,13,木
704,纯,10,金
705,唇,10,水
706,醇,15,水
707,淳,12,水
708,鹑,19,水
709,蠢,21,金
710,戳,18,火
711,踔,15,火
712,辍,15,火
713,龊,22,火
714,刺,8,金
715,疵,10,金
716,呲,8,金
717,词,12,金
718,辞,13,金
719,慈,14,金
720,磁,15,土
721,瓷,11,金
722,兹,12,金
723,茨,12,木
724,雌,13,金
725,祠,10,金
726,茈,11,木
727,鹚,21,金
728,此,6,金
729,次,6,金
730,赐,15,金
731,伺,7,金
732,从,11,火
733,聪,17,金
734,葱,17,木
735,囱,7,r
736,苁,17,木
737,骢,21,金
738,璁,16,金
739,枞,15,木
740,丛,18,火
741,琮,13,金
742,淙,12,水
743,凑,13,火
744,楱,13,r
745,辏,16,火
746,腠,15,火
747,粗,11,金
748,徂,8,火
749,殂,9,金
750,促,9,金
751,簇,17,木
752,醋,15,金
753,卒,8,金
754,猝,12,金
755,蹴,19,金
756,蹙,18,金
757,蔟,17,木
758,酢,12,金
759,撺,22,金
760,攒,23,金
761,窜,18,金
762,篡,16,木
763,爨,29,金
764,衰,10,金
765,催,13,金
766,摧,15,金
767,崔,11,木
768,隹,8,火
769,榱,14,木
770,璀,16,金
771,脆,12,金
772,粹,14,金
773,萃,14,木
774,翠,14,金
775,瘁,13,金
776,悴,12,金
777,淬,12,水
778,毳,12,金
779,啐,11,金
780,村,7,木
781,皴,12,金
782,存,6,金
783,蹲,19,火
784,忖,7,金
785,寸,3,金
786,搓,14,金
787,撮,16,金
788,磋,15,土
789,蹉,17,金
790,嵯,13,金
791,矬,12,金
792,痤,12,金
793,鹾,21,金
794,脞,13,金
795,错,16,金
796,措,12,金
797,挫,11,金
798,厝,10,金
799,锉,15,金
800,答,12,木
801,搭,14,火
802,嗒,13,火
803,耷,9,火
804,褡,16,火
805,哒,16,火
806,打,6,火
807,达,16,火
808,沓,17,火
809,鞑,22,火
810,怛,9,火
811,笪,11,木
812,靼,14,火
813,妲,8,火
814,大,3,火
815,塔,13,火
816,疸,10,火
817,待,9,火
818,逮,15,火
819,歹,4,水
820,代,5,火
821,带,11,火
822,戴,18,火
823,袋,11,火
824,贷,12,火
825,殆,9,火
826,黛,17,火
827,怠,9,火
828,玳,10,火
829,岱,8,火
830,迨,12,火
831,骀,15,火
832,绐,11,火
833,埭,11,土
834,担,17,火
835,丹,4,火
836,耽,10,火
837,眈,9,火
838,殚,16,火
839,箪,18,木
840,儋,15,火
841,瘅,17,火
842,聃,11,火
843,郸,19,火
844,胆,19,火
845,掸,16,火
846,赕,15,火
847,但,7,火
848,石,5,金
849,弹,15,火
850,淡,12,水
851,旦,5,火
852,蛋,11,火
853,诞,14,土
854,惮,16,火
855,啖,11,火
856,澹,17,水
857,萏,14,木
858,当,13,火
859,裆,19,火
860,党,20,火
861,挡,17,火
862,谠,27,火
863,荡,18,水
864,档,17,木
865,宕,8,火
866,菪,14,木
867,砀,14,火
868,刀,2,金
869,叨,5,火
870,忉,6,火
871,导,16,火
872,倒,10,火
873,岛,10,火
874,蹈,17,火
875,捣,14,火
876,祷,19,金
877,到,8,火
878,道,16,火
879,悼,12,火
880,盗,12,火
881,稻,15,木
882,焘,18,火
883,纛,25,火
884,得,11,金
885,德,15,火
886,的,8,火
887,地,6,土
888,底,8,火
889,登,12,火
890,灯,16,火
891,蹬,19,木
892,噔,15,木
893,簦,18,木
894,等,12,木
895,邓,19,火
896,凳,14,木
897,瞪,17,木
898,磴,17,土
899,镫,20,金
900,嶝,15,土
901,提,13,火
902,低,7,火
903,滴,15,水
904,堤,12,土
905,嘀,14,火
906,氐,5,火
907,镝,19,金
908,羝,11,火
909,敌,15,火
910,迪,12,火
911,笛,11,木
912,涤,14,水
913,狄,8,火
914,嫡,14,火
915,翟,14,土
916,荻,13,木
917,籴,22,火
918,觌,22,火
919,抵,9,火
920,诋,12,火
921,邸,12,火
922,砥,10,土
923,柢,9,木
924,骶,15,火
925,第,11,木
926,帝,9,火
927,弟,7,火
928,递,17,火
929,蒂,15,木
930,缔,15,火
931,谛,16,火
932,睇,12,火
933,棣,12,木
934,娣,10,火
935,绨,13,火
936,颠,19,金
937,滇,14,水
938,掂,12,火
939,癫,24,火
940,点,17,水
941,典,8,火
942,丶,1,r
943,电,13,火
944,店,8,火
945,甸,7,火
946,淀,17,水
947,垫,14,土
948,殿,13,火
949,奠,12,土
950,佃,7,火
951,玷,10,火
952,簟,18,木
953,坫,8,土
954,靛,16,r
955,钿,13,金
956,癜,18,火
957,阽,13,火
958,雕,16,金
959,刁,2,火
960,凋,10,金
961,貂,12,金
962,碉,13,土
963,鲷,19,火
964,鸟,11,土
965,调,15,火
966,掉,12,金
967,吊,6,火
968,钓,11,金
969,铫,14,金
970,爹,10,火
971,跌,12,火
972,叠,22,火
973,迭,12,木
974,碟,14,土
975,谍,16,火
976,蝶,15,火
977,喋,12,火
978,佚,7,土
979,牒,13,火
980,耋,12,火
981,蹀,16,火
982,堞,12,土
983,瓞,10,火
984,揲,13,火
985,垤,9,土
986,鲽,20,火
987,丁,2,火
988,盯,7,火
989,钉,10,金
990,叮,5,火
991,町,7,火
992,酊,9,火
993,疔,7,火
994,仃,4,火
995,耵,8,火
996,玎,7,火
997,顶,11,火
998,鼎,13,火
999,定,8,火
1000,订,9,火
1001,铤,15,金
1002,锭,16,金
1003,碇,13,土
1004,丢,6,金
1005,东,8,木
1006,冬,5,火
1007,岽,11,土
1008,鸫,19,火
1009,懂,17,木
1010,董,15,火
1011,硐,11,土
1012,动,11,火
1013,洞,10,水
1014,冻,10,火
1015,栋,12,木
1016,恫,10,火
1017,侗,8,火
1018,垌,9,土
1019,峒,9,土
1020,胴,12,火
1021,都,16,火
1022,兜,11,木
1023,篼,17,木
1024,斗,4,火
1025,抖,8,火
1026,陡,15,火
1027,蚪,10,火
1028,读,22,火
1029,豆,7,火
1030,逗,14,火
1031,窦,20,火
1032,痘,12,火
1033,督,13,火
1034,嘟,15,金
1035,独,17,金
1036,顿,13,火
1037,毒,8,金
1038,渎,19,水
1039,牍,19,金
1040,犊,19,金
1041,黩,27,金
1042,髑,23,金
1043,椟,19,木
1044,肚,9,土
1045,睹,14,金
1046,堵,12,金
1047,赌,16,火
1048,笃,16,木
1049,度,9,金
1050,渡,13,水
1051,杜,7,木
1052,妒,7,火
1053,镀,17,金
1054,芏,9,木
1055,蠹,24,火
1056,端,14,火
1057,短,12,火
1058,断,18,火
1059,段,9,火
1060,锻,17,金
1061,缎,15,火
1062,椴,13,木
1063,堆,11,土
1064,对,14,火
1065,队,17,火
1066,兑,7,金
1067,敦,12,火
1068,碓,13,土
1069,憝,16,火
1070,怼,18,火
1071,镦,20,金
1072,吨,16,火
1073,墩,15,土
1074,盹,9,火
1075,趸,20,火
1076,盾,9,火
1077,钝,12,金
1078,炖,16,火
1079,遁,16,火
1080,沌,8,水
1081,囤,7,火
1082,多,6,火
1083,咄,8,火
1084,哆,9,火
1085,掇,12,火
1086,裰,14,火
1087,夺,14,火
1088,踱,16,火
1089,铎,21,金
1090,朵,6,木
1091,躲,13,火
1092,垛,9,土
1093,缍,14,r
1094,舵,11,火
1095,堕,15,土
1096,惰,13,火
1097,驮,13,火
1098,沲,9,水
1099,柁,9,木
1100,婀,11,木
1101,屙,11,木
1102,额,18,木
1103,俄,9,木
1104,哦,10,火
1105,鹅,18,木
1106,娥,10,水
1107,峨,10,土
1108,蛾,13,木
1109,讹,11,水
1110,莪,13,木
1111,锇,15,金
1112,恶,12,土
1113,饿,16,木
1114,扼,8,木
1115,愕,13,木
1116,遏,16,木
1117,噩,16,木
1118,呃,7,木
1119,厄,4,土
1120,鄂,16,木
1121,轭,11,木
1122,颚,18,木
1123,鳄,27,木
1124,谔,16,木
1125,锷,17,金
1126,萼,15,木
1127,腭,24,木
1128,垩,11,土
1129,鹗,20,木
1130,阏,16,木
1131,诶,14,火
1132,恩,10,土
1133,蒽,16,木
1134,而,6,金
1135,儿,8,金
1136,鸸,17,火
1137,鲕,17,火
1138,尔,14,火
1139,耳,6,火
1140,迩,21,火
1141,饵,15,火
1142,洱,10,水
1143,珥,11,火
1144,铒,14,金
1145,二,2,火
1146,贰,12,金
1147,佴,8,火
1148,发,12,水
1149,罚,15,金
1150,乏,5,金
1151,伐,6,水
1152,阀,14,金
1153,筏,12,木
1154,垡,9,土
1155,法,9,水
1156,砝,10,土
1157,翻,18,水
1158,番,12,水
1159,帆,6,水
1160,藩,21,水
1161,幡,15,水
1162,蕃,18,木
1163,凡,3,水
1164,烦,13,火
1165,繁,17,水
1166,泛,9,水
1167,樊,15,木
1168,燔,16,火
1169,矾,20,土
1170,蘩,23,木
1171,钒,11,金
1172,蹯,19,水
1173,反,4,水
1174,返,11,水
1175,饭,13,水
1176,犯,6,水
1177,范,15,水
1178,贩,11,水
1179,梵,11,木
1180,畈,9,水
1181,方,4,水
1182,芳,10,木
1183,妨,7,水
1184,坊,7,土
1185,邡,11,水
1186,枋,8,木
1187,钫,12,金
1188,房,8,水
1189,防,12,水
1190,肪,10,水
1191,鲂,15,水
1192,访,11,水
1193,仿,6,水
1194,纺,10,水
1195,彷,7,水
1196,舫,10,水
1197,放,8,水
1198,非,8,水
1199,飞,9,水
1200,啡,11,水
1201,菲,14,木
1202,扉,12,水
1203,霏,16,水
1204,妃,6,水
1205,绯,14,水
1206,蜚,14,水
1207,鲱,19,水
1208,肥,10,水
1209,腓,14,水
1210,淝,12,水
1211,匪,10,水
1212,诽,15,水
1213,斐,12,水
1214,翡,14,水
1215,悱,12,水
1216,篚,16,木
1217,榧,14,木
1218,费,12,土
1219,废,15,土
1220,沸,9,水
1221,肺,10,水
1222,吠,7,水
1223,痱,13,土
1224,狒,9,水
1225,芾,10,r
1226,分,4,水
1227,纷,10,水
1228,氛,8,水
1229,芬,10,木
1230,吩,7,水
1231,坟,15,土
1232,焚,12,火
1233,汾,8,水
1234,棼,12,木
1235,鼢,17,水
1236,粉,10,木
1237,份,6,水
1238,奋,16,水
1239,愤,16,水
1240,粪,17,水
1241,忿,8,水
1242,偾,14,水
1243,瀵,21,水
1244,风,9,水
1245,封,9,水
1246,丰,18,火
1247,峰,10,水
1248,疯,14,水
1249,锋,15,金
1250,蜂,13,水
1251,枫,13,木
1252,烽,11,火
1253,酆,25,水
1254,葑,15,木
1255,沣,22,水
1256,逢,14,水
1257,缝,17,水
1258,冯,12,水
1259,讽,16,水
1260,唪,11,水
1261,奉,8,水
1262,凤,14,水
1263,俸,10,水
1264,佛,7,水
1265,否,7,水
1266,缶,6,水
1267,夫,4,水
1268,肤,17,水
1269,敷,15,金
1270,孵,13,水
1271,呋,7,水
1272,稃,12,水
1273,麸,15,水
1274,趺,11,水
1275,跗,12,水
1276,服,7,水
1277,福,14,水
1278,幅,12,水
1279,伏,6,水
1280,符,11,木
1281,浮,11,水
1282,扶,8,水
1283,弗,5,水
1284,袱,12,水
1285,俘,9,水
1286,芙,10,木
1287,孚,7,水
1288,匐,11,水
1289,辐,16,金
1290,涪,12,水
1291,桴,11,木
1292,蜉,13,r
1293,苻,11,木
1294,茯,12,木
1295,莩,13,木
1296,菔,14,木
1297,幞,18,水
1298,怫,9,水
1299,艴,11,水
1300,郛,14,水
1301,绂,11,水
1302,绋,11,水
1303,凫,13,水
1304,祓,10,水
1305,砩,10,土
1306,黻,16,水
1307,罘,10,水
1308,蚨,10,水
1309,蝠,15,水
1310,府,8,水
1311,父,4,水
1312,腐,14,水
1313,抚,16,水
1314,辅,14,水
1315,甫,7,水
1316,俯,10,水
1317,斧,8,木
1318,脯,13,水
1319,釜,10,水
1320,腑,14,水
1321,拊,9,水
1322,滏,14,水
1323,黼,19,水
1324,复,15,水
1325,负,9,水
1326,副,11,金
1327,富,12,水
1328,付,5,水
1329,妇,11,水
1330,附,13,土
1331,赴,9,火
1332,腹,15,水
1333,覆,18,水
1334,赋,15,水
1335,傅,12,水
1336,缚,16,水
1337,咐,8,水
1338,阜,8,水
1339,讣,9,水
1340,驸,15,水
1341,赙,17,水
1342,馥,18,水
1343,蝮,15,水
1344,鲋,16,水
1345,鳆,20,水
1346,夹,7,木
1347,嘎,14,木
1348,胳,12,木
1349,伽,7,木
1350,旮,6,火
1351,噶,16,木
1352,轧,8,金
1353,尜,9,木
1354,钆,9,金
1355,尬,7,木
1356,该,13,木
1357,赅,13,木
1358,垓,9,土
1359,陔,14,木
1360,改,7,木
1361,盖,16,木
1362,丐,4,木
1363,芥,10,木
1364,戤,13,木
1365,干,3,木
1366,甘,5,木
1367,肝,9,木
1368,杆,7,木
1369,乾,11,木
1370,竿,9,木
1371,坩,8,土
1372,苷,11,木
1373,柑,9,木
1374,泔,9,水
1375,矸,8,土
1376,疳,10,木
1377,酐,10,木
1378,感,13,木
1379,敢,12,木
1380,赶,14,木
1381,橄,16,木
1382,秆,12,木
1383,擀,17,木
1384,澉,16,水
1385,赣,24,木
1386,淦,12,水
1387,绀,11,木
1388,旰,7,火
1389,刚,10,金
1390,钢,16,金
1391,纲,14,木
1392,缸,9,木
1393,扛,7,木
1394,杠,7,木
1395,冈,8,水
1396,肛,9,木
1397,罡,11,金
1398,港,13,水
1399,岗,11,土
1400,戆,28,木
1401,高,10,木
1402,糕,16,木
1403,膏,16,木
1404,皋,10,木
1405,羔,10,木
1406,睾,14,木
1407,篙,16,木
1408,稿,15,木
1409,搞,14,木
1410,藁,14,木
1411,槁,14,木
1412,缟,16,木
1413,镐,18,金
1414,杲,8,木
1415,诰,14,木
1416,郜,14,木
1417,歌,14,木
1418,格,10,木
1419,哥,10,木
1420,戈,4,金
1421,割,12,金
1422,疙,8,木
1423,咯,9,木
1424,鸽,17,木
1425,屹,6,土
1426,仡,5,木
1427,圪,6,土
1428,纥,9,木
1429,袼,12,木
1430,革,9,木
1431,隔,18,木
1432,葛,15,木
1433,阁,14,水
1434,蛤,12,水
1435,嗝,13,木
1436,骼,16,木
1437,颌,15,水
1438,膈,16,木
1439,镉,18,金
1440,塥,13,木
1441,鬲,10,木
1442,个,10,土
1443,各,6,木
1444,合,6,水
1445,哿,10,木
1446,舸,11,木
1447,铬,14,金
1448,硌,11,土
1449,虼,9,木
1450,给,12,木
1451,根,10,木
1452,跟,13,木
1453,艮,6,土
1454,亘,6,火
1455,茛,12,木
1456,更,7,木
1457,耕,10,木
1458,庚,8,金
1459,羹,19,水
1460,赓,15,木
1461,耿,10,火
1462,颈,16,木
1463,梗,11,木
1464,哽,10,木
1465,鲠,18,木
1466,埂,10,土
1467,绠,13,木
1468,工,3,木
1469,公,4,木
1470,共,6,木
1471,红,9,水
1472,供,8,木
1473,功,5,木
1474,攻,7,木
1475,宫,10,金
1476,恭,10,木
1477,躬,10,木
1478,龚,22,木
1479,弓,3,木
1480,肱,10,木
1481,蚣,10,木
1482,觥,13,火
1483,巩,15,木
1484,拱,10,木
1485,汞,7,水
1486,珙,11,木
1487,贡,10,木
1488,句,5,木
1489,沟,14,水
1490,勾,4,木
1491,钩,13,金
1492,篝,16,木
1493,佝,7,水
1494,枸,9,木
1495,缑,15,水
1496,鞲,19,水
1497,狗,9,木
1498,苟,11,木
1499,岣,8,土
1500,笱,11,木
1501,够,11,水
1502,购,17,木
1503,构,14,木
1504,觏,17,木
1505,垢,9,土
1506,诟,13,木
1507,媾,13,木
1508,遘,17,木
1509,彀,13,木
1510,姑,8,木
1511,骨,10,木
1512,孤,8,木
1513,估,7,木
1514,辜,12,金
1515,呱,8,水
1516,箍,14,木
1517,沽,9,水
1518,菇,14,木
1519,鸪,16,木
1520,毂,17,木
1521,菰,14,木
1522,蛄,11,木
1523,酤,12,木
1524,觚,12,木
1525,古,5,木
1526,股,10,木
1527,鼓,13,木
1528,谷,7,木
1529,贾,13,水
1530,汩,8,水
1531,蛊,23,木
1532,鹄,18,木
1533,牯,9,木
1534,诂,12,木
1535,瞽,18,木
1536,罟,11,木
1537,钴,13,金
1538,嘏,14,水
1539,鹘,21,木
1540,故,9,木
1541,顾,21,木
1542,固,8,木
1543,雇,12,木
1544,锢,16,金
1545,梏,11,木
1546,牿,11,木
1547,痼,13,木
1548,括,10,木
1549,瓜,5,木
1550,刮,8,金
1551,栝,10,木
1552,胍,11,木
1553,鸹,17,木
1554,寡,14,水
1555,剐,11,金
1556,挂,12,木
1557,卦,8,水
1558,诖,13,木
1559,乖,8,木
1560,掴,15,木
1561,拐,9,火
1562,怪,9,金
1563,关,19,木
1564,观,25,木
1565,官,8,木
1566,冠,9,木
1567,棺,12,木
1568,矜,9,木
1569,莞,13,木
1570,倌,10,木
1571,纶,14,火
1572,鳏,21,木
1573,管,14,木
1574,馆,17,木
1575,惯,15,土
1576,贯,11,木
1577,罐,24,土
1578,灌,22,水
1579,掼,15,木
1580,盥,16,水
1581,涫,12,水
1582,鹳,29,土
1583,光,6,火
1584,咣,9,木
1585,胱,12,木
1586,桄,10,木
1587,犷,19,木
1588,逛,14,木
1589,规,11,木
1590,归,18,木
1591,瑰,15,木
1592,龟,16,木
1593,硅,11,土
1594,闺,14,土
1595,皈,9,木
1596,傀,12,木
1597,圭,6,土
1598,鲑,17,土
1599,鬼,10,木
1600,轨,9,木
1601,诡,13,木
1602,癸,9,木
1603,匦,11,木
1604,庋,7,木
1605,宄,5,木
1606,晷,12,木
1607,簋,17,木
1608,贵,12,木
1609,桂,10,木
1610,跪,13,木
1611,柜,18,木
1612,刽,15,金
1613,炔,8,火
1614,刿,15,金
1615,桧,17,木
1616,炅,8,火
1617,鳜,23,木
1618,滚,15,水
1619,鲧,18,木
1620,衮,11,木
1621,绲,14,木
1622,辊,15,木
1623,棍,12,木
1624,过,16,木
1625,锅,17,金
1626,郭,15,木
1627,涡,13,水
1628,聒,12,木
1629,蝈,17,木
1630,崞,11,土
1631,埚,12,土
1632,呙,9,木
1633,国,11,木
1634,帼,14,木
1635,馘,17,木
1636,虢,15,水
1637,果,8,木
1638,裹,14,火
1639,猓,12,r
1640,椁,15,木
1641,蜾,14,木
1642,哈,9,水
1643,铪,14,金
1644,虾,15,水
1645,嘿,15,土
1646,咳,9,木
1647,还,20,水
1648,孩,9,水
1649,骸,16,水
1650,海,11,水
1651,胲,12,水
1652,醢,17,水
1653,害,10,水
1654,亥,6,水
1655,骇,16,水
1656,酣,12,水
1657,憨,16,水
1658,顸,12,水
1659,鼾,17,水
1660,蚶,11,水
1661,含,7,水
1662,寒,12,水
1663,汗,7,水
1664,韩,17,水
1665,涵,12,水
1666,函,8,水
1667,晗,11,火
1668,邯,12,水
1669,邗,10,水
1670,喊,12,水
1671,罕,9,水
1672,阚,20,木
1673,汉,15,水
1674,憾,17,水
1675,翰,16,水
1676,撼,17,水
1677,旱,7,木
1678,捍,11,木
1679,悍,11,木
1680,瀚,20,水
1681,焊,11,火
1682,颔,16,水
1683,菡,14,木
1684,撖,16,水
1685,行,6,水
1686,航,10,水
1687,吭,7,火
1688,杭,8,木
1689,绗,12,水
1690,珩,11,水
1691,颃,13,水
1692,巷,9,水
1693,沆,8,水
1694,蒿,16,木
1695,薅,19,木
1696,嚆,17,木
1697,号,13,水
1698,毫,11,水
1699,豪,14,水
1700,嚎,17,水
1701,壕,17,土
1702,貉,13,水
1703,濠,18,水
1704,蚝,20,水
1705,好,6,水
1706,郝,14,金
1707,浩,11,水
1708,耗,10,水
1709,皓,12,木
1710,昊,8,火
1711,灏,25,水
1712,颢,21,木
1713,喝,12,水
1714,诃,12,水
1715,和,8,水
1716,何,7,木
1717,河,9,水
1718,核,10,木
1719,盒,11,水
1720,禾,5,水
1721,荷,13,木
1722,阂,14,水
1723,涸,12,水
1724,阖,18,水
1725,曷,9,火
1726,劾,8,水
1727,菏,14,水
1728,盍,10,水
1729,蚵,11,r
1730,翮,16,水
1731,赫,14,木
1732,吓,17,木
1733,贺,12,水
1734,鹤,21,水
1735,壑,17,土
1736,褐,15,水
1737,黑,12,土
1738,痕,11,水
1739,很,9,水
1740,狠,10,水
1741,恨,10,水
1742,哼,10,水
1743,亨,7,水
1744,横,16,木
1745,衡,16,土
1746,恒,10,水
1747,蘅,22,木
1748,桁,10,木
1749,轰,21,水
1750,哄,9,木
1751,烘,10,火
1752,薨,19,木
1753,訇,9,木
1754,洪,10,水
1755,鸿,17,水
1756,宏,7,水
1757,虹,9,木
1758,弘,5,水
1759,泓,9,水
1760,闳,12,木
1761,蕻,19,木
1762,黉,25,木
1763,荭,15,木
1764,讧,10,木
1765,侯,9,水
1766,喉,12,木
1767,猴,13,木
1768,瘊,14,木
1769,篌,15,木
1770,糇,18,木
1771,骺,16,木
1772,吼,7,木
1773,后,6,水
1774,候,10,水
1775,後,9,r
1776,厚,9,水
1777,逅,13,木
1778,堠,12,土
1779,鲎,24,木
1780,乎,5,水
1781,呼,8,水
1782,戏,17,金
1783,忽,8,木
1784,糊,15,火
1785,惚,12,水
1786,唿,8,水
1787,滹,15,水
1788,胡,11,土
1789,湖,13,水
1790,壶,12,金
1791,狐,9,水
1792,葫,15,木
1793,弧,8,水
1794,蝴,15,土
1795,囫,7,水
1796,瑚,14,水
1797,斛,11,火
1798,醐,16,水
1799,猢,13,水
1800,槲,15,木
1801,鹕,20,水
1802,觳,17,水
1803,虎,8,水
1804,浒,15,水
1805,唬,11,水
1806,琥,13,水
1807,护,21,水
1808,户,4,水
1809,互,4,水
1810,沪,15,水
1811,祜,10,水
1812,扈,11,水
1813,戽,8,火
1814,笏,10,木
1815,岵,8,土
1816,怙,9,水
1817,瓠,11,水
1818,冱,6,水
1819,华,14,水
1820,化,4,水
1821,花,10,木
1822,哗,15,水
1823,砉,9,土
1824,划,14,金
1825,滑,14,水
1826,豁,17,木
1827,猾,14,水
1828,骅,22,水
1829,铧,20,金
1830,话,13,土
1831,画,12,土
1832,桦,16,木
1833,怀,20,水
1834,徊,9,水
1835,淮,12,水
1836,槐,14,木
1837,踝,15,水
1838,坏,19,土
1839,欢,22,水
1840,獾,22,水
1841,环,18,金
1842,寰,16,水
1843,鬟,23,水
1844,桓,10,木
1845,圜,16,木
1846,洹,10,水
1847,郇,13,水
1848,缳,19,水
1849,锾,17,金
1850,萑,14,木
1851,缓,15,火
1852,换,13,水
1853,患,11,水
1854,幻,4,水
1855,唤,12,水
1856,宦,9,水
1857,焕,13,火
1858,痪,14,水
1859,涣,13,水
1860,浣,11,水
1861,奂,9,水
1862,擐,17,水
1863,豢,13,水
1864,漶,15,水
1865,逭,15,水
1866,鲩,18,水
1867,荒,12,木
1868,慌,14,木
1869,肓,9,木
1870,黄,12,土
1871,皇,9,水
1872,煌,13,火
1873,惶,13,水
1874,徨,12,水
1875,璜,17,水
1876,簧,18,木
1877,凰,11,水
1878,潢,16,水
1879,蝗,15,木
1880,蟥,18,木
1881,遑,16,水
1882,隍,17,木
1883,磺,17,土
1884,癀,17,木
1885,湟,13,水
1886,篁,15,木
1887,鳇,20,木
1888,晃,10,火
1889,恍,10,火
1890,谎,17,木
1891,幌,13,火
1892,挥,13,水
1893,辉,15,水
1894,灰,6,土
1895,恢,10,木
1896,徽,17,金
1897,诙,13,火
1898,晖,13,水
1899,麾,15,水
1900,珲,14,水
1901,咴,15,火
1902,虺,9,水
1903,隳,23,水
1904,回,6,水
1905,蛔,12,水
1906,茴,12,木
1907,洄,10,水
1908,毁,13,水
1909,悔,11,水
1910,会,13,水
1911,汇,13,水
1912,惠,12,水
1913,慧,15,水
1914,溃,16,水
1915,绘,19,水
1916,讳,16,水
1917,贿,13,水
1918,晦,11,水
1919,秽,18,金
1920,诲,14,水
1921,彗,11,水
1922,荟,19,木
1923,卉,5,木
1924,喙,12,水
1925,恚,10,水
1926,浍,17,水
1927,哕,16,水
1928,缋,18,水
1929,蕙,18,木
1930,蟪,18,水
1931,婚,11,水
1932,昏,8,木
1933,荤,15,木
1934,阍,16,水
1935,混,12,水
1936,魂,14,水
1937,浑,13,水
1938,馄,17,水
1939,诨,16,水
1940,溷,14,水
1941,劐,16,金
1942,攉,20,木
1943,耠,12,水
1944,活,10,水
1945,火,4,火
1946,夥,14,木
1947,或,8,水
1948,获,18,木
1949,货,11,水
1950,祸,14,水
1951,惑,12,水
1952,霍,16,水
1953,藿,22,木
1954,嚯,17,水
1955,镬,22,金
1956,蠖,20,木
1957,其,8,木
1958,几,12,木
1959,期,12,木
1960,机,16,木
1961,基,11,土
1962,击,17,木
1963,奇,8,木
1964,激,17,木
1965,积,16,火
1966,鸡,18,木
1967,迹,13,火
1968,绩,17,火
1969,饥,21,木
1970,缉,15,木
1971,圾,7,土
1972,姬,9,木
1973,矶,17,土
1974,肌,8,木
1975,讥,19,木
1976,叽,15,木
1977,稽,15,木
1978,畸,13,木
1979,跻,21,火
1980,羁,25,木
1981,嵇,12,木
1982,畿,15,木
1983,齑,23,火
1984,箕,14,木
1985,屐,10,木
1986,剞,10,金
1987,玑,17,木
1988,犄,12,木
1989,墼,16,木
1990,芨,10,木
1991,丌,3,木
1992,咭,9,木
1993,笄,10,木
1994,乩,6,木
1995,及,4,木
1996,即,7,水
1997,辑,16,金
1998,级,10,木
1999,极,13,木
2000,集,12,木
2001,急,9,木
2002,籍,20,木
2003,吉,6,木
2004,疾,10,火
2005,嫉,13,木
2006,藉,20,木
2007,脊,12,土
2008,棘,12,木
2009,汲,8,水
2010,岌,7,土
2011,笈,10,木
2012,瘠,15,木
2013,诘,13,木
2014,亟,8,木
2015,楫,13,木
2016,蒺,16,木
2017,殛,13,木
2018,佶,8,木
2019,戢,13,木
2020,嵴,12,土
2021,蕺,19,木
2022,己,3,土
2023,济,18,水
2024,纪,9,木
2025,挤,18,木
2026,戟,12,金
2027,虮,18,木
2028,掎,12,木
2029,麂,13,木
2030,记,10,木
2031,系,7,金
2032,计,9,水
2033,寄,11,木
2034,际,19,火
2035,技,8,木
2036,继,20,木
2037,齐,14,金
2038,季,8,木
2039,寂,11,金
2040,祭,11,金
2041,忌,7,木
2042,剂,16,木
2043,冀,16,木
2044,妓,7,木
2045,骥,27,金
2046,蓟,19,木
2047,悸,12,木
2048,伎,6,木
2049,暨,16,木
2050,霁,22,水
2051,稷,15,木
2052,偈,11,木
2053,鲫,20,木
2054,髻,16,木
2055,觊,17,木
2056,荠,20,木
2057,跽,14,木
2058,哜,17,木
2059,鲚,25,木
2060,洎,10,水
2061,芰,10,r
2062,家,10,木
2063,加,5,木
2064,佳,8,木
2065,嘉,14,木
2066,茄,11,木
2067,挟,11,水
2068,枷,9,木
2069,珈,10,木
2070,迦,12,木
2071,浃,11,水
2072,痂,10,木
2073,笳,11,木
2074,葭,15,木
2075,袈,11,木
2076,跏,12,木
2077,颊,16,木
2078,戛,11,木
2079,荚,13,木
2080,郏,14,木
2081,恝,10,木
2082,铗,15,金
2083,袷,12,木
2084,蛱,13,木
2085,假,11,木
2086,角,7,木
2087,脚,15,木
2088,甲,5,木
2089,搅,24,木
2090,缴,19,木
2091,绞,12,木
2092,饺,15,木
2093,矫,17,木
2094,佼,8,木
2095,狡,10,木
2096,侥,14,木
2097,皎,11,木
2098,胛,11,木
2099,铰,14,金
2100,挢,16,木
2101,岬,8,土
2102,徼,16,木
2103,湫,13,水
2104,敫,13,木
2105,钾,13,金
2106,瘕,14,木
2107,价,15,木
2108,架,9,木
2109,驾,15,木
2110,嫁,13,木
2111,稼,15,木
2112,间,12,木
2113,坚,11,木
2114,监,14,土
2115,渐,15,水
2116,兼,10,木
2117,艰,17,木
2118,肩,10,木
2119,浅,12,水
2120,尖,6,火
2121,奸,6,木
2122,溅,19,水
2123,煎,13,火
2124,歼,21,木
2125,缄,15,金
2126,笺,14,木
2127,菅,14,木
2128,蒹,16,木
2129,搛,14,木
2130,湔,13,水
2131,缣,16,木
2132,戋,8,金
2133,犍,13,木
2134,鹣,21,木
2135,鲣,22,木
2136,鞯,26,木
2137,减,13,木
2138,检,17,木
2139,剪,11,金
2140,捡,17,木
2141,拣,13,木
2142,俭,15,木
2143,碱,12,土
2144,茧,19,木
2145,柬,9,火
2146,蹇,17,金
2147,謇,17,木
2148,硷,24,r
2149,睑,18,木
2150,戬,14,木
2151,囝,6,木
2152,笕,13,木
2153,翦,15,木
2154,趼,11,木
2155,见,7,木
2156,件,6,木
2157,建,9,木
2158,健,11,木
2159,剑,15,金
2160,键,17,金
2161,荐,19,木
2162,鉴,22,金
2163,践,15,火
2164,舰,20,木
2165,箭,15,木
2166,贱,15,木
2167,槛,18,木
2168,谏,16,木
2169,僭,14,木
2170,饯,17,金
2171,毽,13,木
2172,楗,13,木
2173,腱,15,木
2174,牮,9,木
2175,踺,16,木
2176,将,11,火
2177,江,7,水
2178,疆,19,土
2179,姜,19,木
2180,浆,15,水
2181,僵,15,木
2182,缰,22,木
2183,茳,12,水
2184,礓,18,土
2185,豇,10,木
2186,讲,17,木
2187,奖,15,火
2188,蒋,17,木
2189,桨,15,木
2190,耩,16,木
2191,强,11,木
2192,降,14,木
2193,酱,18,木
2194,匠,6,火
2195,绛,12,木
2196,洚,10,r
2197,糨,18,木
2198,交,6,木
2199,焦,12,火
2200,骄,22,木
2201,郊,13,木
2202,胶,17,木
2203,椒,12,木
2204,娇,15,木
2205,浇,16,水
2206,姣,9,木
2207,跤,13,木
2208,蕉,18,木
2209,鲛,17,木
2210,僬,14,木
2211,鹪,23,木
2212,蛟,12,木
2213,艽,8,木
2214,茭,12,木
2215,嚼,21,火
2216,峤,15,土
2217,觉,20,木
2218,校,10,木
2219,叫,5,木
2220,较,13,水
2221,轿,19,木
2222,窖,12,木
2223,酵,14,木
2224,噍,15,木
2225,醮,19,木
2226,接,12,火
2227,结,12,木
2228,节,15,金
2229,街,12,木
2230,阶,17,木
2231,皆,9,木
2232,揭,13,木
2233,楷,13,木
2234,嗟,13,火
2235,秸,11,木
2236,疖,20,木
2237,喈,12,木
2238,杰,12,木
2239,捷,12,金
2240,截,14,木
2241,洁,16,水
2242,劫,7,木
2243,竭,14,木
2244,睫,13,木
2245,桔,10,木
2246,拮,10,木
2247,孑,3,木
2248,桀,10,木
2249,碣,14,土
2250,颉,15,木
2251,讦,10,木
2252,婕,11,木
2253,羯,15,木
2254,鲒,17,木
2255,解,13,木
2256,姐,8,火
2257,界,9,木
2258,介,4,木
2259,借,10,金
2260,戒,7,水
2261,届,8,木
2262,诫,14,木
2263,疥,9,木
2264,蚧,10,木
2265,骱,14,木
2266,今,4,木
2267,金,8,金
2268,禁,13,木
2269,津,10,水
2270,斤,4,木
2271,筋,12,木
2272,巾,3,木
2273,襟,19,木
2274,衿,10,木
2275,尽,14,火
2276,仅,13,木
2277,紧,14,木
2278,谨,18,木
2279,锦,16,金
2280,瑾,16,火
2281,馑,20,木
2282,卺,8,木
2283,廑,14,木
2284,堇,11,木
2285,槿,15,木
2286,进,15,火
2287,近,11,木
2288,劲,9,木
2289,晋,10,火
2290,浸,11,水
2291,靳,13,木
2292,缙,16,木
2293,烬,18,火
2294,噤,16,木
2295,觐,18,木
2296,荩,20,木
2297,赆,21,木
2298,妗,7,木
2299,经,13,木
2300,京,8,木
2301,精,14,金
2302,惊,23,木
2303,睛,13,木
2304,晶,12,火
2305,荆,14,水
2306,兢,14,木
2307,鲸,19,木
2308,泾,11,水
2309,旌,11,金
2310,茎,13,木
2311,腈,14,木
2312,菁,14,木
2313,粳,13,水
2314,警,20,木
2315,景,12,木
2316,井,4,火
2317,憬,16,木
2318,阱,12,木
2319,儆,15,木
2320,刭,9,金
2321,境,14,土
2322,竟,11,木
2323,静,16,金
2324,敬,13,木
2325,镜,19,金
2326,竞,19,木
2327,净,12,金
2328,径,10,木
2329,靖,13,金
2330,痉,12,木
2331,迳,14,r
2332,胫,13,木
2333,婧,11,木
2334,獍,15,木
2335,靓,15,金
2336,扃,9,木
2337,窘,12,木
2338,炯,9,火
2339,迥,12,木
2340,究,7,木
2341,纠,8,木
2342,揪,13,木
2343,鸠,13,水
2344,赳,9,木
2345,啾,12,木
2346,阄,27,木
2347,九,2,木
2348,酒,10,水
2349,久,3,木
2350,韭,9,木
2351,灸,7,火
2352,玖,8,木
2353,就,12,火
2354,旧,18,木
2355,救,11,木
2356,疚,8,木
2357,舅,13,木
2358,咎,8,火
2359,臼,6,木
2360,鹫,23,木
2361,僦,14,木
2362,厩,12,木
2363,桕,10,木
2364,柩,9,木
2365,据,17,木
2366,且,5,金
2367,居,8,木
2368,俱,10,木
2369,拘,9,木
2370,驹,15,木
2371,鞠,17,木
2372,锯,16,金
2373,趄,12,木
2374,掬,12,木
2375,疽,10,木
2376,裾,14,木
2377,苴,11,木
2378,椐,12,木
2379,锔,15,金
2380,狙,9,木
2381,琚,13,木
2382,雎,13,木
2383,鞫,18,木
2384,局,7,木
2385,菊,14,木
2386,橘,16,木
2387,矩,10,木
2388,咀,8,木
2389,沮,9,水
2390,踽,16,木
2391,龃,20,木
2392,莒,13,木
2393,具,8,木
2394,剧,15,金
2395,巨,5,木
2396,聚,14,金
2397,拒,9,木
2398,距,12,木
2399,惧,22,木
2400,瞿,18,木
2401,炬,9,水
2402,飓,17,木
2403,踞,15,木
2404,遽,20,木
2405,倨,10,木
2406,钜,13,金
2407,屦,17,木
2408,榘,14,r
2409,窭,16,木
2410,讵,12,木
2411,醵,20,木
2412,苣,11,木
2413,捐,11,木
2414,圈,11,木
2415,娟,10,木
2416,鹃,18,木
2417,涓,11,水
2418,镌,21,金
2419,蠲,23,木
2420,卷,8,木
2421,锩,16,金
2422,俊,9,火
2423,倦,10,木
2424,眷,11,木
2425,隽,13,木
2426,绢,13,木
2427,狷,11,火
2428,桊,12,木
2429,鄄,16,木
2430,撅,16,火
2431,绝,12,金
2432,决,8,火
2433,掘,12,木
2434,诀,11,火
2435,崛,11,土
2436,爵,18,火
2437,抉,8,火
2438,倔,10,火
2439,獗,16,火
2440,厥,12,火
2441,蹶,19,火
2442,攫,24,火
2443,谲,19,火
2444,矍,20,火
2445,橛,16,木
2446,噱,16,水
2447,珏,9,火
2448,桷,11,木
2449,劂,14,金
2450,爝,22,火
2451,蕨,18,木
2452,觖,11,火
2453,军,9,木
2454,均,7,土
2455,君,7,木
2456,钧,12,金
2457,筠,13,木
2458,菌,14,木
2459,皲,14,木
2460,麇,16,木
2461,峻,10,金
2462,郡,14,木
2463,骏,17,金
2464,竣,12,金
2465,捃,11,木
2466,浚,11,水
2467,喀,12,木
2468,咔,10,木
2469,卡,5,木
2470,开,12,木
2471,揩,13,木
2472,慨,15,木
2473,凯,12,木
2474,铠,18,金
2475,恺,14,火
2476,剀,12,金
2477,垲,13,土
2478,锴,17,金
2479,忾,14,木
2480,看,9,木
2481,刊,5,金
2482,堪,12,土
2483,勘,11,金
2484,龛,22,火
2485,戡,13,木
2486,侃,8,金
2487,砍,9,土
2488,坎,7,土
2489,嵌,12,木
2490,瞰,17,木
2491,康,11,木
2492,慷,15,木
2493,糠,17,木
2494,闶,12,木
2495,抗,8,木
2496,炕,8,火
2497,亢,4,木
2498,伉,6,木
2499,尻,5,金
2500,考,6,木
2501,拷,10,木
2502,栲,10,木
2503,靠,15,木
2504,犒,14,木
2505,科,9,木
2506,颗,17,木
2507,柯,9,木
2508,棵,12,木
2509,苛,11,木
2510,磕,15,土
2511,坷,8,土
2512,嗑,13,木
2513,瞌,15,木
2514,轲,12,木
2515,稞,13,木
2516,疴,11,木
2517,蝌,15,木
2518,钶,13,金
2519,窠,13,木
2520,颏,15,木
2521,珂,10,木
2522,髁,18,木
2523,壳,12,木
2524,可,5,木
2525,渴,13,水
2526,岢,8,土
2527,克,7,木
2528,客,9,木
2529,刻,8,金
2530,课,15,木
2531,恪,10,木
2532,溘,14,水
2533,骒,18,木
2534,缂,15,木
2535,锞,16,金
2536,肯,10,木
2537,恳,17,木
2538,啃,11,木
2539,垦,16,土
2540,龈,21,木
2541,坑,7,土
2542,铿,19,金
2543,空,8,木
2544,倥,10,木
2545,崆,11,土
2546,箜,14,木
2547,恐,10,木
2548,孔,4,木
2549,控,12,木
2550,抠,15,木
2551,芤,10,木
2552,口,3,木
2553,扣,7,木
2554,寇,11,木
2555,叩,5,木
2556,筘,12,木
2557,哭,10,木
2558,枯,9,金
2559,窟,13,木
2560,骷,15,木
2561,刳,8,金
2562,堀,11,土
2563,苦,11,木
2564,库,10,木
2565,酷,14,木
2566,喾,20,木
2567,夸,13,木
2568,侉,8,木
2569,跨,13,木
2570,挎,10,木
2571,胯,12,木
2572,蒯,16,木
2573,快,8,木
2574,块,13,土
2575,脍,19,木
2576,哙,16,木
2577,侩,15,木
2578,狯,17,木
2579,郐,20,木
2580,宽,15,木
2581,髋,25,木
2582,款,12,木
2583,框,10,木
2584,筐,12,木
2585,匡,6,木
2586,诓,13,木
2587,狂,8,木
2588,诳,14,木
2589,况,9,水
2590,矿,20,土
2591,旷,19,木
2592,眶,11,木
2593,邝,22,木
2594,圹,18,土
2595,纩,21,木
2596,贶,12,木
2597,亏,17,木
2598,窥,16,木
2599,盔,11,木
2600,岿,20,土
2601,悝,11,木
2602,魁,14,木
2603,睽,14,木
2604,逵,15,土
2605,葵,15,木
2606,奎,9,土
2607,馗,11,金
2608,夔,23,木
2609,隗,18,木
2610,暌,13,木
2611,揆,13,木
2612,蝰,15,土
2613,跬,13,土
2614,愧,14,木
2615,馈,21,木
2616,匮,14,木
2617,喟,12,木
2618,聩,18,木
2619,篑,18,木
2620,蒉,18,木
2621,愦,16,木
2622,昆,8,火
2623,坤,8,土
2624,鲲,19,木
2625,锟,16,金
2626,琨,13,木
2627,髡,13,木
2628,捆,11,木
2629,悃,11,木
2630,阃,15,木
2631,困,7,木
2632,适,18,火
2633,阔,17,水
2634,扩,19,木
2635,廓,14,木
2636,蛞,12,木
2637,拉,9,火
2638,喇,12,火
2639,邋,22,火
2640,砬,10,土
2641,落,15,水
2642,辣,14,火
2643,腊,21,火
2644,蜡,21,火
2645,剌,9,火
2646,瘌,14,火
2647,蓝,20,木
2648,来,8,火
2649,莱,14,木
2650,徕,11,火
2651,涞,12,水
2652,崃,11,土
2653,赖,16,火
2654,睐,13,火
2655,癞,21,火
2656,籁,22,木
2657,赉,15,火
2658,濑,20,水
2659,兰,23,木
2660,栏,21,木
2661,拦,21,木
2662,篮,20,木
2663,澜,21,水
2664,婪,11,木
2665,岚,12,土
2666,斓,21,火
2667,阑,17,火
2668,褴,20,火
2669,镧,25,金
2670,谰,24,火
2671,懒,20,火
2672,览,22,火
2673,揽,25,火
2674,榄,25,木
2675,缆,27,火
2676,漤,18,水
2677,罱,15,火
2678,烂,21,火
2679,滥,18,水
2680,狼,11,火
2681,廊,13,火
2682,琅,12,火
2683,螂,16,火
2684,榔,14,木
2685,锒,15,金
2686,稂,12,火
2687,阆,15,火
2688,朗,11,火
2689,浪,11,水
2690,莨,13,木
2691,蒗,16,水
2692,捞,16,火
2693,劳,12,火
2694,牢,7,火
2695,唠,15,火
2696,崂,15,土
2697,铹,20,金
2698,痨,17,火
2699,醪,18,火
2700,老,6,火
2701,姥,9,水
2702,佬,8,火
2703,潦,16,水
2704,栳,10,木
2705,铑,14,金
2706,络,12,木
2707,烙,10,火
2708,酪,13,火
2709,涝,16,水
2710,肋,8,火
2711,乐,15,火
2712,勒,11,火
2713,仂,4,火
2714,泐,9,水
2715,鳓,22,r
2716,了,2,火
2717,擂,17,火
2718,累,11,火
2719,雷,13,水
2720,羸,19,火
2721,镭,21,金
2722,嫘,14,火
2723,缧,17,火
2724,檑,17,木
2725,蕾,19,木
2726,垒,18,土
2727,磊,15,土
2728,儡,17,火
2729,诔,13,火
2730,耒,6,火
2731,类,19,火
2732,泪,12,水
2733,酹,14,火
2734,棱,12,木
2735,楞,13,木
2736,冷,7,水
2737,哩,10,火
2738,离,19,火
2739,丽,19,火
2740,黎,15,火
2741,璃,16,火
2742,漓,15,水
2743,狸,11,火
2744,梨,11,火
2745,篱,25,木
2746,犁,11,火
2747,厘,9,火
2748,罹,17,火
2749,藜,21,木
2750,骊,29,火
2751,蜊,13,火
2752,黧,20,火
2753,缡,17,火
2754,鹂,30,火
2755,嫠,14,火
2756,蠡,21,土
2757,鲡,30,火
2758,蓠,25,木
2759,里,13,火
2760,理,12,火
2761,李,7,火
2762,礼,18,火
2763,鲤,18,火
2764,俚,9,火
2765,逦,26,火
2766,娌,10,火
2767,澧,17,水
2768,醴,20,火
2769,鳢,24,火
2770,力,2,火
2771,利,7,火
2772,立,5,火
2773,历,16,火
2774,例,8,火
2775,励,17,火
2776,厉,15,火
2777,莉,13,木
2778,笠,11,木
2779,粒,11,火
2780,俐,9,火
2781,栗,10,木
2782,隶,17,火
2783,吏,6,金
2784,沥,20,水
2785,雳,24,火
2786,莅,16,木
2787,戾,8,火
2788,俪,21,火
2789,砺,20,土
2790,痢,12,火
2791,郦,26,火
2792,詈,12,火
2793,荔,12,木
2794,枥,20,木
2795,呖,19,火
2796,唳,11,火
2797,溧,14,水
2798,砾,20,土
2799,栎,19,木
2800,轹,22,火
2801,傈,12,火
2802,坜,19,土
2803,苈,22,木
2804,疠,18,火
2805,蛎,21,火
2806,篥,16,木
2807,粝,21,火
2808,跞,22,火
2809,藓,23,木
2810,俩,10,火
2811,联,17,木
2812,连,14,火
2813,怜,16,火
2814,莲,17,木
2815,廉,13,木
2816,帘,19,火
2817,涟,15,水
2818,镰,21,金
2819,濂,17,水
2820,臁,19,火
2821,奁,14,火
2822,蠊,19,火
2823,鲢,22,火
2824,脸,19,火
2825,敛,17,木
2826,琏,16,火
2827,蔹,23,木
2828,裣,19,火
2829,练,15,火
2830,恋,23,火
2831,炼,13,火
2832,链,19,金
2833,殓,17,火
2834,楝,13,木
2835,潋,21,水
2836,量,12,火
2837,良,7,火
2838,梁,11,火
2839,凉,10,火
2840,粮,18,火
2841,粱,13,水
2842,踉,14,火
2843,椋,12,木
2844,两,8,火
2845,魉,18,火
2846,亮,9,火
2847,辆,15,火
2848,谅,15,火
2849,晾,12,火
2850,撩,16,火
2851,聊,11,火
2852,疗,17,火
2853,辽,19,火
2854,僚,14,火
2855,寥,14,火
2856,缭,18,火
2857,寮,15,火
2858,燎,16,火
2859,嘹,15,火
2860,獠,16,火
2861,鹩,23,火
2862,蓼,17,木
2863,钌,10,金
2864,料,10,火
2865,廖,14,火
2866,镣,20,金
2867,尥,6,火
2868,咧,9,火
2869,裂,12,火
2870,列,6,金
2871,烈,10,火
2872,劣,6,火
2873,猎,19,水
2874,趔,13,火
2875,冽,8,火
2876,洌,10,水
2877,捩,12,火
2878,埒,10,土
2879,躐,22,火
2880,鬣,25,火
2881,林,8,木
2882,临,17,火
2883,邻,19,火
2884,琳,13,木
2885,淋,12,水
2886,霖,16,水
2887,麟,23,火
2888,鳞,23,火
2889,磷,17,火
2890,嶙,15,土
2891,辚,19,火
2892,粼,14,火
2893,遴,19,火
2894,啉,11,木
2895,瞵,17,火
2896,凛,15,水
2897,檩,17,木
2898,廪,16,火
2899,吝,7,火
2900,躏,27,火
2901,赁,13,火
2902,蔺,22,木
2903,膦,18,火
2904,拎,9,火
2905,令,5,火
2906,灵,24,火
2907,零,13,火
2908,龄,20,火
2909,凌,10,火
2910,玲,10,火
2911,铃,13,金
2912,陵,16,火
2913,伶,7,火
2914,聆,11,火
2915,囹,8,火
2916,菱,14,木
2917,苓,11,木
2918,翎,11,火
2919,棂,28,木
2920,瓴,10,火
2921,绫,14,火
2922,酃,24,火
2923,泠,9,水
2924,羚,11,火
2925,蛉,11,火
2926,柃,9,木
2927,鲮,19,火
2928,领,14,火
2929,岭,17,土
2930,另,5,火
2931,呤,8,火
2932,溜,14,火
2933,留,10,火
2934,流,10,水
2935,刘,15,火
2936,瘤,15,火
2937,榴,14,木
2938,浏,19,水
2939,硫,12,火
2940,琉,12,火
2941,遛,17,火
2942,馏,19,火
2943,镏,18,金
2944,旒,13,火
2945,骝,20,火
2946,鎏,18,金
2947,柳,9,木
2948,绺,14,火
2949,六,4,火
2950,陆,16,火
2951,碌,13,土
2952,鹨,22,火
2953,隆,17,火
2954,龙,16,火
2955,笼,22,木
2956,胧,20,火
2957,咙,19,火
2958,聋,22,火
2959,珑,21,火
2960,窿,17,火
2961,茏,23,木
2962,栊,20,木
2963,泷,20,水
2964,砻,21,土
2965,癃,17,火
2966,拢,20,火
2967,垄,19,土
2968,陇,24,火
2969,弄,7,火
2970,搂,15,火
2971,楼,15,木
2972,喽,14,火
2973,偻,13,火
2974,娄,11,火
2975,髅,21,火
2976,蝼,17,火
2977,蒌,17,木
2978,耧,17,火
2979,篓,17,木
2980,嵝,14,土
2981,露,20,水
2982,陋,14,火
2983,漏,15,水
2984,镂,19,金
2985,瘘,16,火
2986,噜,18,火
2987,撸,19,火
2988,卢,16,火
2989,炉,20,火
2990,庐,19,火
2991,芦,22,木
2992,颅,25,火
2993,泸,20,水
2994,轳,23,火
2995,鲈,27,火
2996,垆,19,土
2997,胪,22,火
2998,鸬,27,火
2999,舻,22,火
3000,栌,20,木
3001,鲁,15,火
3002,卤,11,火
3003,虏,12,火
3004,掳,17,火
3005,橹,19,木
3006,路,13,火
3007,录,16,火
3008,绿,14,火
3009,鹿,11,火
3010,禄,13,火
3011,辘,18,火
3012,麓,19,木
3013,赂,13,火
3014,漉,15,水
3015,戮,15,火
3016,簏,17,木
3017,鹭,23,火
3018,潞,16,水
3019,璐,17,火
3020,辂,13,火
3021,渌,12,水
3022,逯,15,火
3023,氇,19,火
3024,旅,10,火
3025,履,15,水
3026,屡,14,r
3027,侣,9,火
3028,缕,17,火
3029,吕,7,火
3030,捋,11,火
3031,铝,15,r
3032,褛,17,r
3033,膂,16,r
3034,稆,12,r
3035,律,9,火
3036,率,11,金
3037,虑,15,火
3038,滤,19,r
3039,驴,26,火
3040,榈,19,r
3041,闾,15,金
3042,峦,22,土
3043,挛,23,火
3044,孪,22,火
3045,栾,23,火
3046,銮,27,金
3047,滦,27,水
3048,鸾,30,火
3049,娈,22,土
3050,脔,25,火
3051,卵,7,火
3052,乱,13,火
3053,掠,12,火
3054,略,11,火
3055,锊,15,金
3056,抡,12,火
3057,论,15,火
3058,轮,15,火
3059,伦,10,火
3060,沦,12,水
3061,仑,8,火
3062,囵,11,火
3063,罗,20,火
3064,逻,26,火
3065,萝,25,木
3066,螺,17,火
3067,锣,27,金
3068,箩,25,木
3069,骡,21,火
3070,猡,23,火
3071,椤,23,木
3072,脶,15,火
3073,镙,19,r
3074,裸,14,火
3075,倮,10,火
3076,蠃,19,火
3077,瘰,16,火
3078,洛,10,水
3079,骆,16,火
3080,摞,15,火
3081,珞,11,火
3082,泺,19,水
3083,漯,15,水
3084,荦,14,木
3085,雒,14,火
3086,呒,15,r
3087,妈,13,水
3088,麻,11,水
3089,摩,15,水
3090,抹,9,水
3091,蚂,16,水
3092,嬷,17,水
3093,吗,13,水
3094,蟆,17,火
3095,马,10,水
3096,码,15,水
3097,玛,15,水
3098,骂,16,水
3099,杩,14,木
3100,么,14,水
3101,埋,10,土
3102,霾,22,水
3103,买,12,水
3104,卖,15,水
3105,麦,11,水
3106,迈,20,水
3107,脉,12,水
3108,劢,15,水
3109,颟,20,水
3110,蛮,25,水
3111,馒,20,水
3112,瞒,16,水
3113,蔓,17,木
3114,谩,18,水
3115,鳗,22,水
3116,鞔,16,水
3117,满,15,水
3118,慢,15,水
3119,漫,15,水
3120,曼,11,水
3121,墁,14,土
3122,幔,14,水
3123,缦,17,水
3124,镘,19,金
3125,忙,7,水
3126,茫,12,水
3127,盲,8,水
3128,芒,9,木
3129,氓,8,水
3130,邙,10,水
3131,莽,14,木
3132,蟒,18,水
3133,漭,15,水
3134,猫,16,水
3135,毛,4,水
3136,矛,5,水
3137,茅,11,木
3138,髦,14,水
3139,锚,16,金
3140,牦,15,水
3141,旄,10,水
3142,蝥,15,水
3143,蟊,17,水
3144,茆,11,木
3145,卯,5,木
3146,铆,13,金
3147,泖,9,水
3148,昴,9,水
3149,冒,9,水
3150,贸,12,水
3151,帽,12,水
3152,貌,14,水
3153,茂,11,木
3154,耄,10,火
3155,瑁,14,水
3156,懋,17,木
3157,袤,11,水
3158,瞀,14,水
3159,麽,14,水
3160,没,8,水
3161,眉,9,水
3162,梅,11,木
3163,媒,12,水
3164,枚,8,木
3165,煤,13,火
3166,霉,23,水
3167,玫,9,水
3168,糜,17,水
3169,酶,14,水
3170,莓,13,木
3171,嵋,12,土
3172,湄,13,水
3173,楣,13,木
3174,猸,13,水
3175,美,9,水
3176,每,7,水
3177,浼,11,水
3178,妹,8,水
3179,魅,15,水
3180,昧,9,水
3181,谜,17,水
3182,媚,12,水
3183,寐,12,水
3184,袂,10,r
3185,闷,12,水
3186,门,8,水
3187,扪,12,水
3188,懑,18,水
3189,们,10,水
3190,蒙,16,水
3191,盟,13,水
3192,朦,18,水
3193,萌,14,木
3194,檬,18,木
3195,甍,16,木
3196,礞,19,土
3197,虻,9,水
3198,艨,20,水
3199,猛,12,水
3200,勐,12,水
3201,懵,20,水
3202,蠓,20,水
3203,蜢,14,水
3204,艋,14,水
3205,梦,14,木
3206,孟,8,水
3207,眯,11,水
3208,咪,9,水
3209,迷,13,水
3210,弥,17,水
3211,靡,19,水
3212,麋,17,火
3213,猕,21,水
3214,祢,19,水
3215,縻,17,金
3216,蘼,25,水
3217,米,6,水
3218,弭,9,水
3219,敉,10,水
3220,芈,6,水
3221,密,11,水
3222,觅,11,水
3223,蜜,14,水
3224,谧,17,水
3225,汨,8,水
3226,宓,8,水
3227,幂,16,水
3228,糸,6,水
3229,棉,12,木
3230,眠,10,水
3231,绵,14,水
3232,免,7,火
3233,缅,15,水
3234,勉,9,水
3235,腼,16,水
3236,冕,11,水
3237,娩,10,木
3238,渑,17,水
3239,湎,13,水
3240,沔,8,水
3241,眄,9,水
3242,黾,13,水
3243,面,9,木
3244,描,13,水
3245,苗,11,水
3246,秒,9,水
3247,渺,13,水
3248,藐,20,木
3249,缈,15,水
3250,淼,12,水
3251,杪,8,木
3252,邈,21,水
3253,眇,9,水
3254,妙,7,水
3255,庙,15,水
3256,缪,17,火
3257,乜,2,水
3258,咩,9,水
3259,灭,14,水
3260,蔑,17,木
3261,篾,17,木
3262,蠛,21,水
3263,民,5,水
3264,珉,14,水
3265,岷,8,土
3266,缗,15,水
3267,玟,9,r
3268,苠,11,木
3269,敏,11,水
3270,悯,16,水
3271,闽,14,水
3272,泯,9,水
3273,皿,5,水
3274,抿,9,水
3275,闵,12,水
3276,愍,13,水
3277,名,6,水
3278,明,8,水
3279,鸣,14,水
3280,铭,14,金
3281,冥,10,水
3282,茗,12,木
3283,溟,14,水
3284,瞑,15,水
3285,暝,14,水
3286,螟,16,水
3287,酩,13,水
3288,命,8,水
3289,谬,18,火
3290,摸,15,水
3291,无,12,水
3292,模,15,木
3293,磨,16,土
3294,魔,21,水
3295,膜,17,水
3296,摹,15,水
3297,谟,18,水
3298,嫫,14,水
3299,万,15,水
3300,默,16,水
3301,莫,13,水
3302,末,5,水
3303,寞,14,水
3304,漠,15,水
3305,墨,15,水
3306,陌,14,水
3307,沫,9,水
3308,蓦,21,木
3309,茉,11,木
3310,秣,10,水
3311,镆,19,金
3312,殁,8,水
3313,瘼,16,水
3314,耱,22,水
3315,貊,13,水
3316,貘,18,水
3317,谋,16,水
3318,牟,6,水
3319,眸,11,水
3320,鍪,17,金
3321,蛑,12,水
3322,侔,8,水
3323,母,4,水
3324,姆,8,水
3325,亩,10,水
3326,拇,9,水
3327,牡,7,土
3328,目,5,水
3329,木,4,木
3330,幕,14,木
3331,慕,15,水
3332,牧,8,水
3333,墓,14,木
3334,募,13,木
3335,暮,15,水
3336,穆,16,金
3337,睦,13,火
3338,沐,8,水
3339,坶,8,r
3340,苜,11,木
3341,那,11,火
3342,南,9,火
3343,拿,10,火
3344,哪,10,火
3345,呢,8,木
3346,纳,10,火
3347,娜,10,火
3348,呐,7,火
3349,捺,12,火
3350,钠,12,金
3351,肭,7,火
3352,衲,10,火
3353,乃,2,火
3354,艿,8,木
3355,奈,8,火
3356,耐,9,火
3357,鼐,15,火
3358,柰,9,火
3359,囡,6,火
3360,难,19,木
3361,男,7,火
3362,楠,13,木
3363,喃,12,火
3364,腩,15,火
3365,赧,12,火
3366,囊,22,火
3367,攮,26,火
3368,曩,21,火
3369,孬,10,火
3370,努,7,火
3371,挠,16,火
3372,呶,8,火
3373,猱,13,火
3374,铙,20,r
3375,硇,11,r
3376,蛲,18,火
3377,脑,15,火
3378,恼,13,火
3379,瑙,14,火
3380,闹,15,火
3381,淖,12,水
3382,讷,11,火
3383,馁,16,火
3384,内,4,火
3385,嫩,14,火
3386,恁,10,火
3387,能,12,火
3388,妮,8,火
3389,尼,5,火
3390,泥,9,水
3391,倪,10,金
3392,霓,16,水
3393,坭,8,土
3394,猊,12,木
3395,怩,9,木
3396,铌,13,金
3397,鲵,19,木
3398,拟,18,木
3399,旎,11,木
3400,尿,7,水
3401,逆,13,木
3402,匿,11,木
3403,腻,18,木
3404,昵,9,木
3405,溺,14,水
3406,睨,13,木
3407,慝,15,火
3408,伲,7,木
3409,蔫,17,木
3410,拈,9,木
3411,年,6,火
3412,粘,11,金
3413,黏,17,火
3414,碾,15,土
3415,捻,16,火
3416,辇,15,火
3417,念,8,火
3418,廿,4,木
3419,酿,24,木
3420,埝,14,土
3421,娘,10,火
3422,袅,13,土
3423,嬲,17,土
3424,茑,17,木
3425,捏,11,金
3426,涅,11,水
3427,聂,18,金
3428,孽,20,木
3429,蹑,25,金
3430,嗫,21,金
3431,啮,21,金
3432,镊,26,金
3433,陧,17,金
3434,颞,27,金
3435,臬,10,木
3436,蘖,23,木
3437,您,11,火
3438,宁,14,火
3439,凝,16,水
3440,拧,18,金
3441,咛,17,火
3442,狞,18,金
3443,柠,18,木
3444,苎,11,木
3445,甯,12,金
3446,聍,20,金
3447,泞,18,水
3448,佞,7,火
3449,妞,7,水
3450,牛,4,木
3451,纽,10,水
3452,扭,8,水
3453,钮,12,金
3454,狃,8,水
3455,忸,8,水
3456,农,13,火
3457,浓,17,水
3458,侬,15,火
3459,哝,16,火
3460,脓,19,火
3461,耨,16,火
3462,奴,5,火
3463,孥,8,金
3464,驽,15,火
3465,弩,8,火
3466,怒,9,火
3467,女,3,火
3468,恧,10,火
3469,衄,10,火
3470,暖,13,火
3471,虐,9,火
3472,疟,15,火
3473,挪,11,火
3474,傩,21,火
3475,诺,16,火
3476,懦,18,火
3477,糯,20,火
3478,喏,12,火
3479,搦,14,火
3480,噢,16,火
3481,喔,12,火
3482,区,11,木
3483,欧,15,土
3484,殴,15,土
3485,鸥,22,土
3486,讴,18,土
3487,瓯,16,土
3488,沤,15,水
3489,偶,11,木
3490,呕,14,土
3491,藕,21,木
3492,耦,15,木
3493,怄,15,土
3494,派,10,水
3495,葩,15,木
3496,爬,8,土
3497,杷,8,木
3498,筢,13,木
3499,怕,9,土
3500,帕,8,土
3501,琶,13,水
3502,拍,9,水
3503,排,12,水
3504,牌,12,水
3505,徘,11,水
3506,俳,10,水
3507,迫,12,水
3508,湃,13,水
3509,哌,8,水
3510,攀,19,木
3511,潘,16,水
3512,盘,15,水
3513,胖,11,水
3514,磐,15,土
3515,蹒,18,水
3516,爿,4,水
3517,蟠,18,水
3518,判,7,金
3519,盼,9,水
3520,叛,9,水
3521,畔,10,水
3522,拚,9,水
3523,襻,25,水
3524,袢,11,水
3525,泮,9,水
3526,滂,14,水
3527,旁,10,水
3528,庞,19,火
3529,螃,16,水
3530,逄,13,火
3531,抛,9,水
3532,泡,9,水
3533,脬,13,水
3534,跑,12,水
3535,袍,11,水
3536,咆,8,水
3537,狍,16,水
3538,匏,11,水
3539,庖,8,水
3540,疱,10,水
3541,呸,8,水
3542,胚,11,水
3543,醅,15,水
3544,陪,16,水
3545,培,11,土
3546,赔,15,水
3547,裴,14,木
3548,配,10,水
3549,佩,8,水
3550,沛,8,水
3551,辔,22,水
3552,帔,8,水
3553,旆,10,水
3554,霈,15,水
3555,喷,16,水
3556,盆,9,土
3557,湓,13,水
3558,烹,11,水
3559,抨,9,水
3560,砰,10,土
3561,澎,16,水
3562,怦,9,水
3563,嘭,15,水
3564,朋,8,水
3565,鹏,19,水
3566,彭,12,水
3567,棚,12,木
3568,蓬,17,木
3569,膨,18,水
3570,篷,17,木
3571,硼,13,土
3572,堋,11,土
3573,蟛,18,水
3574,捧,12,水
3575,批,8,水
3576,披,9,水
3577,劈,15,金
3578,坯,8,土
3579,霹,21,水
3580,丕,5,水
3581,纰,10,r
3582,砒,9,土
3583,邳,12,水
3584,铍,13,金
3585,皮,5,水
3586,疲,10,水
3587,脾,14,水
3588,琵,13,水
3589,毗,9,水
3590,郫,15,水
3591,鼙,21,水
3592,陴,16,水
3593,枇,8,木
3594,罴,20,水
3595,蚍,10,水
3596,蜱,14,水
3597,貔,17,水
3598,匹,4,水
3599,痞,12,水
3600,癖,18,水
3601,擗,17,r
3602,庀,5,r
3603,仳,6,水
3604,疋,5,水
3605,屁,7,水
3606,僻,15,火
3607,譬,20,水
3608,媲,13,水
3609,淠,12,r
3610,甓,18,r
3611,睥,13,水
3612,片,4,水
3613,篇,15,木
3614,偏,11,水
3615,翩,15,水
3616,犏,13,水
3617,蹁,16,水
3618,胼,12,水
3619,骈,16,水
3620,谝,16,水
3621,骗,19,水
3622,漂,15,水
3623,飘,20,火
3624,剽,13,水
3625,缥,17,水
3626,螵,17,水
3627,朴,16,木
3628,瓢,16,水
3629,嫖,14,水
3630,瞟,16,水
3631,殍,11,水
3632,票,11,水
3633,嘌,14,水
3634,撇,16,水
3635,瞥,17,水
3636,丿,1,r
3637,苤,11,木
3638,拼,10,水
3639,姘,9,水
3640,贫,11,水
3641,频,16,水
3642,苹,22,木
3643,嫔,17,水
3644,颦,24,水
3645,品,9,水
3646,聘,13,水
3647,牝,6,水
3648,娉,10,水
3649,俜,9,水
3650,平,5,水
3651,评,12,水
3652,瓶,11,水
3653,凭,16,金
3654,萍,14,水
3655,坪,8,土
3656,枰,9,木
3657,颇,14,水
3658,坡,8,土
3659,泼,16,水
3660,攴,4,r
3661,钋,10,金
3662,婆,11,水
3663,鄱,19,水
3664,皤,17,水
3665,叵,5,水
3666,破,10,土
3667,粕,11,水
3668,珀,10,水
3669,剖,10,金
3670,裒,13,金
3671,掊,12,金
3672,铺,15,金
3673,扑,16,水
3674,仆,14,水
3675,葡,15,木
3676,蒲,16,木
3677,菩,14,木
3678,匍,9,水
3679,璞,17,水
3680,濮,18,水
3681,莆,13,木
3682,镤,20,金
3683,普,12,水
3684,谱,20,水
3685,浦,11,水
3686,溥,14,水
3687,圃,10,水
3688,氆,16,水
3689,蹼,19,水
3690,七,2,金
3691,妻,8,金
3692,欺,12,木
3693,戚,11,火
3694,凄,12,水
3695,漆,15,水
3696,栖,12,木
3697,沏,8,水
3698,蹊,17,木
3699,嘁,14,木
3700,萋,14,木
3701,槭,15,木
3702,柒,9,水
3703,欹,12,r
3704,桤,14,木
3705,棋,12,木
3706,旗,14,木
3707,骑,18,木
3708,歧,8,木
3709,琪,13,木
3710,祈,9,木
3711,脐,20,木
3712,祺,13,木
3713,祁,8,木
3714,崎,11,土
3715,琦,13,木
3716,淇,12,水
3717,岐,7,土
3718,俟,9,金
3719,耆,10,木
3720,芪,10,木
3721,颀,13,木
3722,圻,7,土
3723,骐,18,木
3724,畦,11,土
3725,亓,4,木
3726,萁,14,木
3727,蕲,22,木
3728,蛴,20,木
3729,蜞,14,水
3730,綦,14,木
3731,鳍,21,水
3732,麒,19,木
3733,起,10,木
3734,企,6,木
3735,启,11,木
3736,岂,10,木
3737,乞,3,木
3738,绮,14,木
3739,杞,7,木
3740,芑,9,木
3741,綮,14,金
3742,气,10,木
3743,器,16,木
3744,汽,8,水
3745,弃,12,木
3746,泣,9,水
3747,契,9,木
3748,迄,10,水
3749,砌,9,土
3750,憩,16,水
3751,汔,7,水
3752,讫,10,水
3753,葺,15,木
3754,碛,16,土
3755,掐,12,木
3756,葜,15,木
3757,恰,10,木
3758,洽,10,水
3759,髂,19,木
3760,千,3,金
3761,签,19,木
3762,牵,11,土
3763,迁,19,金
3764,谦,17,木
3765,铅,13,金
3766,骞,20,木
3767,悭,15,木
3768,芊,9,木
3769,愆,13,木
3770,阡,11,金
3771,仟,5,金
3772,岍,7,土
3773,扦,7,木
3774,佥,13,木
3775,搴,14,木
3776,褰,16,木
3777,钎,11,金
3778,前,9,金
3779,钱,16,金
3780,潜,16,水
3781,虔,10,木
3782,钳,13,金
3783,黔,16,木
3784,荨,18,木
3785,钤,12,金
3786,箝,14,木
3787,鬈,18,木
3788,遣,17,金
3789,谴,21,金
3790,缱,20,金
3791,肷,16,木
3792,欠,4,木
3793,歉,14,木
3794,纤,23,金
3795,倩,10,金
3796,堑,14,土
3797,茜,12,木
3798,芡,10,木
3799,慊,14,金
3800,椠,15,木
3801,枪,14,木
3802,抢,14,金
3803,腔,14,金
3804,呛,13,木
3805,锵,19,金
3806,跄,17,金
3807,羌,8,木
3808,戕,8,金
3809,戗,14,金
3810,镪,20,金
3811,蜣,14,金
3812,锖,16,金
3813,墙,17,土
3814,蔷,19,木
3815,樯,17,木
3816,嫱,16,金
3817,襁,17,木
3818,羟,13,木
3819,悄,11,木
3820,敲,14,木
3821,雀,11,金
3822,锹,17,金
3823,跷,19,木
3824,橇,16,木
3825,缲,19,木
3826,硗,17,土
3827,劁,14,金
3828,桥,16,木
3829,乔,12,木
3830,侨,14,木
3831,瞧,17,木
3832,翘,18,木
3833,憔,16,木
3834,樵,16,木
3835,谯,19,金
3836,荞,18,木
3837,巧,5,木
3838,愀,13,木
3839,俏,9,木
3840,窍,18,木
3841,峭,10,土
3842,撬,16,木
3843,鞘,16,木
3844,诮,14,木
3845,切,4,土
3846,窃,22,土
3847,怯,9,金
3848,妾,8,火
3849,惬,13,金
3850,锲,17,金
3851,挈,10,金
3852,郄,14,金
3853,箧,15,木
3854,亲,16,木
3855,钦,12,金
3856,侵,9,金
3857,衾,10,木
3858,琴,13,木
3859,秦,10,火
3860,勤,13,木
3861,芹,10,木
3862,擒,17,木
3863,覃,12,木
3864,禽,13,金
3865,溱,14,水
3866,檎,17,木
3867,锓,15,金
3868,芩,10,木
3869,螓,16,木
3870,寝,14,金
3871,沁,8,水
3872,吣,7,金
3873,青,8,金
3874,轻,14,木
3875,倾,13,木
3876,卿,11,木
3877,蜻,14,金
3878,圊,11,金
3879,鲭,19,金
3880,情,12,金
3881,晴,12,火
3882,擎,17,木
3883,檠,17,木
3884,黥,20,金
3885,请,15,金
3886,顷,11,木
3887,謦,18,金
3888,苘,18,木
3889,庆,15,木
3890,罄,17,木
3891,磬,16,木
3892,箐,14,木
3893,穷,15,木
3894,琼,20,木
3895,穹,8,木
3896,茕,13,木
3897,邛,10,金
3898,蛩,12,金
3899,筇,12,木
3900,跫,13,金
3901,銎,14,金
3902,秋,9,金
3903,邱,12,木
3904,丘,5,木
3905,蚯,11,木
3906,鳅,20,木
3907,楸,13,木
3908,求,6,火
3909,球,12,木
3910,囚,5,木
3911,酋,9,木
3912,裘,13,水
3913,虬,8,木
3914,俅,9,木
3915,遒,16,木
3916,赇,14,木
3917,泅,9,水
3918,逑,14,木
3919,犰,6,木
3920,蝤,15,木
3921,鼽,16,木
3922,糗,16,木
3923,曲,6,木
3924,屈,8,木
3925,趋,17,木
3926,驱,21,木
3927,躯,18,木
3928,岖,14,土
3929,蛐,12,木
3930,祛,10,木
3931,蛆,11,木
3932,麴,19,r
3933,诎,12,木
3934,黢,19,木
3935,渠,13,水
3936,衢,24,木
3937,癯,20,木
3938,劬,7,木
3939,璩,18,木
3940,氍,22,木
3941,朐,9,木
3942,磲,17,木
3943,鸲,16,木
3944,蕖,18,木
3945,蠼,26,木
3946,蘧,23,木
3947,取,8,金
3948,娶,11,木
3949,龋,24,木
3950,去,5,木
3951,趣,15,金
3952,阒,17,木
3953,戌,6,土
3954,悛,11,木
3955,全,6,火
3956,权,22,木
3957,泉,9,水
3958,拳,10,木
3959,诠,13,木
3960,颧,27,木
3961,蜷,14,木
3962,荃,12,木
3963,铨,14,金
3964,痊,11,木
3965,醛,17,木
3966,辁,13,木
3967,筌,12,木
3968,犬,4,木
3969,绻,14,木
3970,畎,9,木
3971,劝,19,木
3972,券,8,木
3973,缺,10,木
3974,阙,18,金
3975,瘸,16,金
3976,却,9,木
3977,确,15,土
3978,榷,14,木
3979,鹊,19,金
3980,阕,17,金
3981,悫,14,金
3982,逡,14,金
3983,群,13,木
3984,裙,13,木
3985,然,12,金
3986,燃,16,火
3987,髯,15,金
3988,蚺,11,金
3989,染,9,水
3990,冉,5,火
3991,苒,11,木
3992,瓤,22,水
3993,禳,22,水
3994,穰,22,水
3995,攘,21,水
3996,壤,20,土
3997,让,24,火
3998,饶,21,木
3999,娆,15,水
4000,桡,16,木
4001,荛,18,木
4002,扰,19,水
4003,绕,18,木
4004,若,11,木
4005,惹,13,水
4006,热,15,火
4007,人,2,金
4008,任,6,金
4009,仁,4,金
4010,壬,4,水
4011,忍,7,金
4012,稔,13,火
4013,荏,12,木
4014,认,14,金
4015,韧,12,金
4016,刃,3,金
4017,纫,9,金
4018,饪,13,金
4019,仞,5,金
4020,葚,15,木
4021,妊,7,金
4022,轫,10,金
4023,衽,10,金
4024,扔,6,金
4025,仍,4,金
4026,日,4,火
4027,容,10,土
4028,荣,14,木
4029,融,16,土
4030,蓉,16,木
4031,溶,14,水
4032,绒,12,金
4033,榕,14,木
4034,戎,6,木
4035,嵘,17,土
4036,茸,12,木
4037,狨,10,金
4038,肜,9,金
4039,蝾,20,金
4040,冗,4,金
4041,柔,9,金
4042,揉,13,金
4043,蹂,16,金
4044,糅,15,金
4045,鞣,18,金
4046,肉,6,火
4047,如,6,金
4048,儒,16,金
4049,茹,12,木
4050,嚅,17,金
4051,濡,18,水
4052,孺,17,金
4053,蠕,20,金
4054,薷,20,木
4055,铷,14,金
4056,襦,20,金
4057,辱,10,金
4058,乳,8,火
4059,汝,7,水
4060,入,2,金
4061,褥,16,金
4062,缛,16,金
4063,洳,10,水
4064,溽,14,水
4065,蓐,16,木
4066,软,11,火
4067,阮,12,木
4068,朊,7,火
4069,蕤,18,木
4070,蕊,18,木
4071,瑞,14,金
4072,锐,15,金
4073,芮,10,火
4074,睿,14,金
4075,枘,8,木
4076,蚋,10,火
4077,润,16,水
4078,闰,12,火
4079,弱,10,金
4080,偌,11,火
4081,箬,15,木
4082,撒,16,水
4083,挲,11,水
4084,洒,10,水
4085,萨,19,木
4086,卅,4,水
4087,飒,14,水
4088,思,9,金
4089,塞,13,金
4090,腮,15,金
4091,鳃,20,金
4092,赛,17,金
4093,三,3,金
4094,毵,15,金
4095,散,12,金
4096,伞,12,金
4097,糁,17,金
4098,霰,20,金
4099,丧,12,金
4100,桑,10,木
4101,嗓,13,木
4102,搡,14,金
4103,磉,15,金
4104,颡,19,金
4105,骚,20,金
4106,搔,14,金
4107,臊,19,金
4108,缫,17,金
4109,扫,12,金
4110,嫂,13,金
4111,梢,11,木
4112,埽,11,r
4113,瘙,15,金
4114,色,6,金
4115,涩,16,水
4116,瑟,14,木
4117,啬,13,木
4118,穑,18,木
4119,森,12,木
4120,僧,14,金
4121,杀,11,水
4122,沙,8,水
4123,纱,10,水
4124,杉,7,木
4125,莎,13,木
4126,煞,13,金
4127,砂,9,金
4128,鲨,18,水
4129,裟,13,金
4130,铩,18,金
4131,傻,13,金
4132,厦,13,木
4133,霎,16,水
4134,歃,13,金
4135,唼,11,金
4136,筛,16,木
4137,酾,26,金
4138,晒,23,火
4139,山,3,土
4140,衫,9,金
4141,删,7,金
4142,煽,14,火
4143,扇,10,金
4144,珊,10,金
4145,栅,9,木
4146,跚,12,金
4147,姗,8,金
4148,潸,16,水
4149,膻,19,金
4150,芟,10,木
4151,埏,10,土
4152,钐,11,金
4153,苫,11,木
4154,闪,10,金
4155,陕,15,金
4156,善,12,金
4157,擅,17,金
4158,膳,18,金
4159,讪,10,金
4160,汕,7,水
4161,赡,20,火
4162,缮,18,金
4163,嬗,16,金
4164,骟,20,金
4165,剡,10,金
4166,鄯,19,金
4167,疝,8,金
4168,蟮,18,金
4169,鳝,23,金
4170,商,11,金
4171,伤,13,金
4172,汤,13,水
4173,殇,15,金
4174,觞,18,金
4175,墒,14,土
4176,上,3,金
4177,赏,15,金
4178,晌,10,火
4179,垧,8,土
4180,烧,16,火
4181,稍,12,金
4182,捎,11,金
4183,蛸,13,金
4184,筲,13,木
4185,艄,13,金
4186,韶,14,金
4187,苕,11,木
4188,芍,9,木
4189,少,4,金
4190,绍,11,金
4191,召,5,火
4192,哨,10,金
4193,邵,12,金
4194,潲,16,水
4195,劭,7,金
4196,奢,12,金
4197,赊,14,金
4198,畲,7,金
4199,折,8,火
4200,舌,6,金
4201,蛇,11,金
4202,佘,7,金
4203,舍,8,金
4204,社,8,金
4205,设,11,金
4206,涉,11,水
4207,射,10,金
4208,摄,22,火
4209,赦,11,金
4210,慑,22,金
4211,麝,21,金
4212,滠,22,水
4213,歙,16,土
4214,厍,9,金
4215,谁,15,金
4216,身,7,金
4217,深,12,水
4218,申,5,金
4219,伸,7,金
4220,绅,11,金
4221,呻,8,金
4222,莘,13,木
4223,娠,10,金
4224,诜,13,金
4225,什,4,金
4226,神,10,金
4227,甚,9,金
4228,审,15,金
4229,婶,18,金
4230,谂,15,金
4231,哂,9,金
4232,渖,19,r
4233,矧,9,金
4234,渗,15,水
4235,肾,14,金
4236,蜃,13,金
4237,胂,11,金
4238,椹,13,木
4239,生,5,金
4240,声,17,金
4241,胜,12,金
4242,升,4,金
4243,牲,9,金
4244,甥,12,金
4245,笙,11,木
4246,绳,19,金
4247,省,9,金
4248,眚,10,金
4249,圣,13,土
4250,剩,11,金
4251,晟,11,火
4252,师,10,金
4253,诗,13,金
4254,失,5,金
4255,施,9,金
4256,尸,9,金
4257,湿,18,水
4258,狮,14,金
4259,嘘,14,土
4260,虱,8,r
4261,蓍,16,r
4262,时,10,金
4263,十,2,金
4264,实,14,金
4265,识,19,金
4266,食,9,金
4267,拾,10,金
4268,蚀,15,金
4269,埘,13,r
4270,莳,16,r
4271,鲥,21,r
4272,使,8,金
4273,始,8,金
4274,史,5,金
4275,驶,15,金
4276,屎,9,r
4277,矢,5,金
4278,豕,7,r
4279,是,9,金
4280,事,8,金
4281,世,5,金
4282,市,5,金
4283,士,3,金
4284,式,6,金
4285,视,12,金
4286,似,7,土
4287,示,5,金
4288,室,9,金
4289,势,13,金
4290,试,13,金
4291,释,20,金
4292,氏,4,金
4293,饰,14,岁
4294,逝,14,金
4295,誓,14,金
4296,嗜,13,r
4297,侍,8,火
4298,峙,9,金
4299,仕,5,金
4300,恃,10,r
4301,柿,8,木
4302,轼,13,金
4303,拭,10,r
4304,噬,16,r
4305,弑,12,r
4306,谥,16,金
4307,贳,12,r
4308,铈,13,r
4309,螫,17,r
4310,舐,10,r
4311,筮,13,木
4312,殖,12,金
4313,收,6,水
4314,熟,15,金
4315,手,4,金
4316,首,9,金
4317,守,6,金
4318,艏,15,金
4319,受,8,金
4320,授,12,金
4321,售,11,金
4322,瘦,15,金
4323,寿,14,金
4324,兽,19,金
4325,狩,10,金
4326,绶,14,金
4327,书,10,金
4328,输,16,金
4329,殊,10,金
4330,舒,12,金
4331,叔,8,金
4332,疏,12,金
4333,抒,8,金
4334,淑,12,水
4335,梳,11,木
4336,枢,15,木
4337,蔬,17,木
4338,倏,10,木
4339,菽,14,木
4340,摅,19,金
4341,姝,9,金
4342,纾,10,金
4343,毹,13,金
4344,殳,4,金
4345,孰,11,金
4346,赎,22,火
4347,塾,14,土
4348,秫,10,木
4349,数,15,金
4350,属,21,金
4351,署,15,金
4352,鼠,13,金
4353,薯,20,木
4354,暑,13,金
4355,蜀,13,金
4356,黍,12,金
4357,曙,18,火
4358,术,11,木
4359,树,16,木
4360,述,12,金
4361,束,7,金
4362,竖,15,木
4363,恕,10,火
4364,墅,14,土
4365,漱,15,水
4366,俞,9,金
4367,戍,6,土
4368,庶,11,金
4369,澍,16,水
4370,沭,9,水
4371,丨,1,r
4372,腧,15,金
4373,刷,8,金
4374,唰,11,金
4375,耍,9,金
4376,摔,15,金
4377,帅,9,金
4378,蟀,17,金
4379,栓,10,木
4380,拴,10,金
4381,闩,9,金
4382,涮,12,水
4383,双,18,金
4384,霜,17,水
4385,孀,20,金
4386,爽,11,金
4387,水,4,水
4388,说,14,金
4389,税,12,金
4390,睡,13,金
4391,吮,7,金
4392,顺,12,金
4393,舜,12,金
4394,瞬,17,金
4395,朔,10,火
4396,硕,14,土
4397,烁,19,火
4398,铄,23,金
4399,妁,6,金
4400,蒴,16,木
4401,槊,14,木
4402,搠,14,金
4403,斯,12,金
4404,司,5,金
4405,私,7,金
4406,丝,12,金
4407,撕,16,金
4408,厮,14,r
4409,嘶,15,金
4410,鸶,23,金
4411,澌,16,水
4412,缌,15,金
4413,锶,17,金
4414,厶,2,金
4415,蛳,16,金
4416,死,6,金
4417,四,5,金
4418,寺,6,金
4419,肆,13,金
4420,饲,14,水
4421,嗣,13,金
4422,巳,3,火
4423,祀,8,金
4424,驷,15,金
4425,泗,9,水
4426,汜,7,水
4427,兕,8,金
4428,姒,8,金
4429,耜,11,木
4430,笥,11,木
4431,松,18,木
4432,忪,8,金
4433,淞,12,水
4434,崧,11,r
4435,嵩,13,土
4436,凇,10,木
4437,菘,14,木
4438,耸,17,金
4439,悚,11,金
4440,怂,15,金
4441,竦,12,金
4442,送,13,金
4443,宋,7,金
4444,诵,14,金
4445,颂,13,木
4446,讼,11,金
4447,搜,14,金
4448,艘,16,金
4449,馊,19,金
4450,嗖,13,金
4451,溲,14,水
4452,飕,19,金
4453,锼,18,金
4454,螋,16,金
4455,擞,19,金
4456,叟,10,金
4457,薮,21,木
4458,嗾,14,金
4459,瞍,15,金
4460,嗽,14,金
4461,苏,22,木
4462,稣,16,金
4463,酥,12,金
4464,俗,9,金
4465,诉,12,金
4466,速,14,金
4467,素,10,金
4468,肃,13,金
4469,宿,11,金
4470,缩,17,金
4471,塑,13,土
4472,溯,14,水
4473,粟,12,金
4474,簌,17,木
4475,夙,6,金
4476,嗉,13,金
4477,谡,17,金
4478,愫,14,金
4479,涑,11,水
4480,蔌,17,木
4481,觫,14,金
4482,酸,14,金
4483,狻,11,金
4484,算,14,木
4485,蒜,16,木
4486,虽,17,金
4487,荽,13,木
4488,睢,13,金
4489,眭,11,土
4490,濉,17,水
4491,随,21,金
4492,遂,16,火
4493,隋,17,金
4494,绥,13,水
4495,髓,23,金
4496,岁,13,金
4497,碎,13,土
4498,祟,10,金
4499,隧,21,金
4500,邃,20,金
4501,穗,17,水
4502,燧,17,火
4503,谇,15,金
4504,孙,10,金
4505,荪,16,木
4506,狲,14,金
4507,飧,12,金
4508,损,14,金
4509,笋,12,木
4510,榫,14,木
4511,隼,10,金
4512,梭,11,木
4513,唆,10,金
4514,娑,10,水
4515,睃,12,金
4516,桫,11,木
4517,嗍,13,金
4518,蓑,16,木
4519,羧,13,金
4520,所,8,金
4521,索,10,金
4522,锁,18,金
4523,琐,15,金
4524,他,5,火
4525,她,6,火
4526,它,5,火
4527,踏,15,火
4528,塌,13,土
4529,遢,17,火
4530,溻,14,水
4531,铊,13,金
4532,趿,11,火
4533,鳎,21,火
4534,獭,20,火
4535,拓,9,火
4536,榻,14,木
4537,蹋,17,火
4538,挞,17,火
4539,闼,21,火
4540,台,5,火
4541,胎,11,火
4542,苔,11,木
4543,抬,9,火
4544,邰,12,火
4545,薹,20,木
4546,炱,9,火
4547,跆,12,r
4548,鲐,16,火
4549,太,4,火
4550,态,14,火
4551,泰,9,火
4552,汰,8,水
4553,摊,23,火
4554,贪,11,火
4555,滩,23,水
4556,瘫,24,火
4557,坍,7,土
4558,谈,15,火
4559,坛,16,土
4560,谭,19,火
4561,潭,16,水
4562,痰,13,火
4563,檀,17,木
4564,昙,16,火
4565,锬,16,金
4566,郯,15,火
4567,坦,8,土
4568,毯,12,火
4569,忐,7,火
4570,袒,11,火
4571,探,12,火
4572,叹,15,火
4573,炭,9,火
4574,趟,15,火
4575,铴,20,金
4576,镗,19,金
4577,堂,11,土
4578,唐,10,火
4579,糖,16,火
4580,膛,17,火
4581,塘,13,土
4582,棠,12,木
4583,搪,14,火
4584,溏,14,水
4585,螳,17,火
4586,瑭,15,火
4587,樘,15,木
4588,螗,16,火
4589,饧,18,火
4590,淌,12,水
4591,傥,22,火
4592,帑,8,火
4593,烫,16,水
4594,涛,18,水
4595,掏,12,火
4596,滔,14,水
4597,韬,19,火
4598,饕,22,火
4599,逃,13,火
4600,陶,16,火
4601,桃,10,木
4602,淘,12,水
4603,萄,14,木
4604,啕,11,火
4605,洮,10,水
4606,鼗,14,火
4607,讨,10,火
4608,套,10,火
4609,特,10,火
4610,忑,7,火
4611,忒,7,金
4612,腾,20,火
4613,疼,10,火
4614,藤,21,木
4615,誊,17,火
4616,滕,14,火
4617,体,23,火
4618,踢,15,火
4619,梯,11,木
4620,剔,10,火
4621,锑,15,金
4622,题,18,火
4623,啼,12,火
4624,蹄,16,火
4625,醍,16,火
4626,缇,15,火
4627,鹈,18,火
4628,荑,12,木
4629,替,12,金
4630,涕,11,水
4631,剃,9,金
4632,惕,12,火
4633,屉,11,火
4634,悌,11,火
4635,倜,10,火
4636,逖,14,火
4637,裼,14,火
4638,天,4,火
4639,添,12,水
4640,田,5,火
4641,甜,11,火
4642,恬,10,火
4643,阗,18,火
4644,畋,9,火
4645,腆,14,火
4646,舔,14,火
4647,忝,8,火
4648,殄,9,火
4649,挑,10,火
4650,佻,8,火
4651,祧,11,火
4652,条,11,火
4653,迢,12,火
4654,鲦,22,火
4655,髫,15,火
4656,龆,20,火
4657,蜩,14,火
4658,笤,11,木
4659,窕,11,土
4660,跳,13,火
4661,眺,11,土
4662,粜,25,火
4663,贴,12,火
4664,帖,8,火
4665,铁,21,金
4666,餮,18,火
4667,听,22,火
4668,厅,25,火
4669,汀,6,水
4670,烃,11,火
4671,停,11,火
4672,庭,10,火
4673,亭,9,火
4674,婷,12,火
4675,廷,7,火
4676,霆,15,水
4677,蜓,13,火
4678,葶,15,木
4679,莛,13,木
4680,挺,11,火
4681,艇,13,火
4682,梃,11,木
4683,通,14,火
4684,同,6,火
4685,童,12,金
4686,彤,7,火
4687,铜,14,金
4688,桐,10,木
4689,瞳,17,火
4690,佟,7,火
4691,酮,13,金
4692,仝,5,火
4693,茼,12,木
4694,潼,16,水
4695,统,12,木
4696,筒,12,木
4697,桶,11,木
4698,捅,11,金
4699,痛,12,火
4700,恸,15,金
4701,偷,11,金
4702,头,16,火
4703,投,8,火
4704,骰,14,金
4705,钭,12,金
4706,透,14,火
4707,突,9,火
4708,秃,7,土
4709,凸,5,金
4710,图,14,火
4711,途,14,金
4712,徒,10,火
4713,屠,12,火
4714,涂,13,水
4715,荼,13,木
4716,菟,14,木
4717,酴,14,金
4718,土,3,土
4719,吐,6,土
4720,兔,8,金
4721,湍,13,水
4722,团,14,火
4723,抟,15,火
4724,疃,17,火
4725,彖,9,火
4726,推,12,金
4727,腿,16,金
4728,退,13,火
4729,褪,16,火
4730,蜕,13,火
4731,煺,13,火
4732,吞,7,火
4733,暾,16,火
4734,屯,4,火
4735,饨,13,火
4736,臀,19,火
4737,豚,11,火
4738,氽,6,火
4739,托,7,火
4740,脱,13,火
4741,拖,9,火
4742,乇,3,火
4743,陀,13,火
4744,驼,15,火
4745,砣,10,土
4746,沱,9,水
4747,跎,12,火
4748,坨,8,土
4749,鸵,16,火
4750,橐,16,火
4751,佗,7,火
4752,酡,12,火
4753,鼍,25,火
4754,妥,7,火
4755,椭,16,木
4756,庹,11,火
4757,唾,11,火
4758,柝,9,木
4759,箨,22,火
4760,挖,10,火
4761,哇,9,土
4762,娲,12,火
4763,蛙,12,土
4764,洼,14,水
4765,娃,9,土
4766,瓦,5,土
4767,袜,21,火
4768,腽,16,火
4769,歪,9,火
4770,崴,12,土
4771,外,5,木
4772,湾,26,水
4773,弯,22,火
4774,蜿,14,火
4775,剜,10,金
4776,豌,15,土
4777,完,7,土
4778,玩,9,木
4779,顽,13,火
4780,丸,3,土
4781,纨,9,火
4782,芄,9,木
4783,烷,11,火
4784,晚,11,水
4785,挽,11,火
4786,婉,11,土
4787,惋,12,火
4788,宛,8,土
4789,畹,13,火
4790,皖,12,木
4791,绾,14,火
4792,琬,13,土
4793,脘,13,火
4794,菀,14,木
4795,腕,14,火
4796,汪,8,水
4797,尢,3,土
4798,王,4,土
4799,忘,7,水
4800,亡,3,水
4801,往,8,土
4802,网,14,水
4803,枉,8,木
4804,惘,12,火
4805,罔,9,火
4806,辋,15,火
4807,魍,18,火
4808,望,11,水
4809,旺,8,土
4810,妄,6,火
4811,委,8,土
4812,威,9,土
4813,微,13,水
4814,危,6,水
4815,巍,21,土
4816,萎,14,木
4817,偎,11,水
4818,薇,19,木
4819,逶,15,水
4820,煨,13,火
4821,葳,15,木
4822,隈,17,水
4823,维,14,土
4824,围,12,土
4825,唯,11,土
4826,违,16,土
4827,韦,9,土
4828,惟,12,土
4829,帷,11,土
4830,帏,12,土
4831,圩,6,土
4832,囗,3,r
4833,潍,18,水
4834,桅,10,木
4835,嵬,13,土
4836,闱,17,土
4837,涠,16,水
4838,伟,11,土
4839,尾,7,水
4840,玮,14,土
4841,炜,13,火
4842,纬,15,土
4843,娓,10,土
4844,苇,15,木
4845,猥,13,土
4846,痿,13,土
4847,韪,18,土
4848,洧,10,水
4849,诿,15,土
4850,鲔,17,土
4851,位,7,土
4852,未,5,木
4853,味,8,水
4854,卫,15,土
4855,谓,16,土
4856,遗,19,木
4857,慰,15,土
4858,魏,18,木
4859,蔚,17,木
4860,畏,9,土
4861,胃,11,土
4862,喂,12,土
4863,尉,11,土
4864,渭,13,水
4865,猬,15,土
4866,軎,10,r
4867,温,14,土
4868,瘟,15,水
4869,文,4,水
4870,闻,14,水
4871,纹,10,水
4872,蚊,10,水
4873,雯,12,水
4874,璺,19,金
4875,阌,16,水
4876,稳,19,土
4877,吻,7,金
4878,紊,10,金
4879,刎,6,金
4880,问,11,金
4881,汶,8,水
4882,翁,10,土
4883,嗡,13,土
4884,蓊,16,木
4885,瓮,18,土
4886,蕹,19,木
4887,窝,14,火
4888,蜗,15,火
4889,倭,10,火
4890,挝,17,火
4891,莴,15,木
4892,我,7,木
4893,握,13,土
4894,卧,8,木
4895,渥,13,水
4896,沃,8,水
4897,斡,14,木
4898,幄,12,火
4899,硪,12,土
4900,龌,24,火
4901,於,8,土
4902,屋,9,土
4903,乌,10,火
4904,巫,7,火
4905,呜,13,土
4906,诬,14,土
4907,兀,3,土
4908,钨,18,金
4909,邬,17,土
4910,圬,6,土
4911,吴,7,木
4912,吾,7,木
4913,捂,11,土
4914,毋,4,水
4915,梧,11,木
4916,芜,18,木
4917,浯,11,水
4918,蜈,13,土
4919,鼯,20,土
4920,五,4,木
4921,武,8,水
4922,午,4,火
4923,舞,14,水
4924,伍,6,土
4925,侮,9,土
4926,妩,15,木
4927,忤,8,土
4928,鹉,18,土
4929,牾,11,土
4930,迕,11,土
4931,庑,15,土
4932,怃,16,土
4933,仵,6,土
4934,物,8,水
4935,务,11,水
4936,误,14,土
4937,悟,11,木
4938,雾,19,水
4939,勿,4,水
4940,坞,13,土
4941,戊,5,土
4942,晤,11,木
4943,鹜,20,土
4944,痦,12,土
4945,寤,14,土
4946,骛,19,土
4947,芴,10,木
4948,杌,7,木
4949,阢,11,土
4950,婺,12,土
4951,鋈,15,金
4952,西,6,金
4953,息,10,金
4954,希,7,水
4955,吸,7,金
4956,惜,12,金
4957,稀,12,木
4958,悉,11,金
4959,析,8,木
4960,夕,3,金
4961,牺,20,木
4962,昔,8,金
4963,熙,13,水
4964,兮,4,金
4965,溪,14,水
4966,嘻,15,金
4967,锡,16,金
4968,晰,12,金
4969,樨,16,木
4970,熄,14,火
4971,膝,17,金
4972,郗,14,水
4973,犀,12,金
4974,曦,20,火
4975,奚,10,木
4976,羲,17,金
4977,唏,10,金
4978,淅,12,水
4979,皙,13,木
4980,汐,7,水
4981,嬉,15,水
4982,熹,16,火
4983,烯,11,火
4984,翕,12,土
4985,蟋,17,金
4986,浠,11,水
4987,僖,14,金
4988,穸,8,金
4989,蜥,14,金
4990,螅,16,金
4991,菥,14,木
4992,粞,12,金
4993,醯,19,金
4994,欷,11,金
4995,鼷,23,金
4996,席,10,金
4997,习,11,水
4998,袭,22,金
4999,媳,13,金
5000,檄,17,木
5001,隰,22,金
5002,觋,14,金
5003,喜,12,水
5004,洗,10,水
5005,禧,17,水
5006,徙,11,金
5007,玺,19,火
5008,屣,14,金
5009,葸,15,木
5010,蓰,17,木
5011,铣,14,金
5012,细,11,金
5013,隙,18,水
5014,饩,19,金
5015,阋,18,金
5016,禊,14,金
5017,瞎,15,木
5018,呷,8,木
5019,峡,10,土
5020,侠,9,木
5021,狭,11,木
5022,霞,17,水
5023,暇,13,木
5024,辖,17,木
5025,遐,16,土
5026,匣,7,木
5027,黠,18,木
5028,瑕,14,土
5029,狎,9,木
5030,硖,12,土
5031,柙,9,木
5032,下,3,水
5033,夏,10,火
5034,罅,17,木
5035,先,6,金
5036,鲜,17,金
5037,仙,5,金
5038,掀,12,金
5039,暹,16,金
5040,莶,19,木
5041,祆,9,金
5042,籼,8,金
5043,跹,23,金
5044,闲,12,水
5045,贤,15,木
5046,嫌,13,金
5047,咸,20,水
5048,弦,8,水
5049,娴,15,土
5050,衔,14,金
5051,涎,11,水
5052,舷,11,金
5053,鹇,23,金
5054,痫,17,金
5055,显,23,火
5056,险,21,金
5057,跣,13,金
5058,猃,17,金
5059,燹,18,金
5060,蚬,13,金
5061,筅,12,木
5062,冼,8,水
5063,现,12,水
5064,线,15,金
5065,限,14,金
5066,县,16,木
5067,献,20,木
5068,宪,16,水
5069,陷,16,金
5070,羡,12,金
5071,馅,17,金
5072,岘,10,土
5073,苋,13,木
5074,相,9,木
5075,香,9,水
5076,箱,15,木
5077,厢,12,木
5078,湘,13,水
5079,镶,25,金
5080,襄,17,火
5081,骧,27,火
5082,葙,15,木
5083,芗,19,木
5084,缃,15,木
5085,详,13,金
5086,祥,11,金
5087,翔,12,土
5088,庠,9,金
5089,想,13,金
5090,响,22,水
5091,享,8,水
5092,飨,22,水
5093,饷,15,水
5094,向,6,水
5095,象,12,金
5096,像,14,金
5097,项,12,水
5098,橡,16,木
5099,蟓,18,金
5100,消,11,水
5101,销,15,金
5102,潇,20,水
5103,肖,9,木
5104,萧,18,木
5105,宵,10,金
5106,削,9,金
5107,逍,14,金
5108,硝,12,土
5109,霄,15,水
5110,哮,10,木
5111,枭,11,木
5112,骁,22,金
5113,箫,18,木
5114,枵,9,木
5115,哓,15,金
5116,绡,13,金
5117,魈,17,木
5118,淆,12,水
5119,崤,11,土
5120,小,3,金
5121,晓,16,火
5122,筱,13,木
5123,笑,10,金
5124,效,10,水
5125,孝,7,水
5126,啸,15,木
5127,些,7,金
5128,歇,13,木
5129,楔,13,木
5130,蝎,19,木
5131,叶,15,土
5132,协,8,水
5133,鞋,15,土
5134,携,22,水
5135,斜,11,金
5136,胁,12,水
5137,谐,16,木
5138,邪,11,水
5139,偕,11,木
5140,撷,19,木
5141,勰,15,水
5142,缬,21,水
5143,写,15,水
5144,血,6,水
5145,谢,17,金
5146,泄,9,水
5147,械,11,木
5148,屑,10,水
5149,卸,8,水
5150,懈,17,水
5151,泻,19,水
5152,亵,17,水
5153,蟹,19,木
5154,邂,20,水
5155,榭,14,木
5156,瀣,20,水
5157,薤,19,木
5158,燮,17,火
5159,躞,24,水
5160,廨,16,水
5161,绁,12,水
5162,渫,13,水
5163,榍,14,木
5164,獬,17,水
5165,心,4,金
5166,新,13,金
5167,欣,8,木
5168,辛,7,金
5169,薪,19,木
5170,馨,20,金
5171,鑫,24,金
5172,芯,10,木
5173,昕,8,火
5174,忻,8,水
5175,歆,13,金
5176,锌,15,金
5177,寻,12,火
5178,信,9,金
5179,衅,25,金
5180,囟,6,金
5181,兴,15,水
5182,星,9,金
5183,腥,15,金
5184,惺,13,金
5185,猩,13,金
5186,形,7,水
5187,型,9,土
5188,刑,6,水
5189,邢,11,金
5190,陉,15,金
5191,荥,14,水
5192,硎,11,土
5193,醒,16,金
5194,擤,18,金
5195,性,9,金
5196,姓,8,金
5197,幸,8,水
5198,杏,7,木
5199,悻,12,木
5200,荇,12,木
5201,兄,5,水
5202,胸,12,金
5203,凶,6,水
5204,匈,6,金
5205,汹,10,水
5206,芎,9,木
5207,雄,12,水
5208,熊,14,水
5209,修,10,金
5210,休,6,水
5211,羞,11,金
5212,咻,9,金
5213,馐,20,金
5214,庥,9,金
5215,鸺,17,金
5216,貅,13,金
5217,髹,16,金
5218,朽,6,木
5219,秀,7,金
5220,袖,11,金
5221,绣,18,金
5222,锈,20,金
5223,嗅,13,金
5224,岫,8,土
5225,溴,14,水
5226,需,14,金
5227,须,12,金
5228,虚,12,水
5229,吁,6,木
5230,墟,15,土
5231,胥,11,金
5232,盱,8,土
5233,顼,13,土
5234,徐,10,金
5235,许,11,木
5236,栩,10,木
5237,诩,13,土
5238,糈,15,土
5239,醑,16,r
5240,续,21,金
5241,序,7,金
5242,蓄,16,木
5243,叙,9,金
5244,恤,10,水
5245,絮,12,金
5246,旭,6,木
5247,婿,12,金
5248,酗,11,金
5249,煦,13,金
5250,洫,10,水
5251,勖,11,土
5252,蓿,17,木
5253,宣,9,金
5254,喧,12,金
5255,轩,10,土
5256,萱,15,木
5257,暄,13,金
5258,谖,16,金
5259,揎,13,金
5260,儇,15,金
5261,煊,13,火
5262,旋,11,金
5263,悬,20,木
5264,漩,15,水
5265,璇,19,火
5266,痃,10,金
5267,选,19,金
5268,癣,22,金
5269,炫,9,火
5270,渲,13,水
5271,绚,12,金
5272,眩,10,金
5273,铉,13,金
5274,泫,9,水
5275,楦,13,木
5276,镟,19,土
5277,靴,13,木
5278,薛,19,木
5279,学,16,水
5280,穴,5,水
5281,踅,14,水
5282,泶,17,水
5283,雪,11,水
5284,谑,17,火
5285,熏,14,水
5286,勋,16,土
5287,醺,21,水
5288,薰,20,木
5289,埙,13,土
5290,曛,18,火
5291,窨,14,水
5292,獯,18,水
5293,询,13,金
5294,巡,7,金
5295,循,12,火
5296,旬,6,金
5297,驯,13,金
5298,荀,12,木
5299,峋,9,土
5300,洵,10,水
5301,恂,10,水
5302,浔,16,水
5303,鲟,23,水
5304,训,10,水
5305,迅,10,火
5306,讯,10,火
5307,逊,17,金
5308,殉,10,金
5309,巽,12,火
5310,徇,9,水
5311,汛,7,水
5312,蕈,18,木
5313,压,17,土
5314,雅,12,木
5315,呀,7,土
5316,押,9,土
5317,鸦,15,土
5318,哑,11,土
5319,鸭,16,土
5320,丫,3,土
5321,垭,11,土
5322,桠,12,木
5323,牙,4,木
5324,涯,12,水
5325,崖,11,土
5326,芽,10,木
5327,衙,13,土
5328,睚,13,土
5329,岈,7,土
5330,琊,12,土
5331,蚜,10,土
5332,亚,8,土
5333,讶,11,土
5334,娅,11,土
5335,迓,11,土
5336,揠,13,土
5337,砑,9,土
5338,烟,13,火
5339,燕,16,土
5340,咽,9,土
5341,殷,10,土
5342,焉,11,土
5343,淹,12,水
5344,阉,16,土
5345,嫣,14,土
5346,胭,12,土
5347,湮,13,水
5348,鄢,18,土
5349,菸,14,木
5350,崦,11,土
5351,言,7,木
5352,严,20,木
5353,延,7,土
5354,沿,9,水
5355,炎,8,火
5356,阎,16,木
5357,盐,24,土
5358,岩,8,土
5359,蜒,13,土
5360,檐,19,木
5361,妍,7,水
5362,筵,13,木
5363,芫,10,木
5364,闫,11,r
5365,眼,11,木
5366,演,15,水
5367,掩,12,木
5368,衍,9,水
5369,奄,8,土
5370,俨,22,木
5371,偃,11,土
5372,魇,24,木
5373,鼹,22,木
5374,兖,9,木
5375,郾,16,r
5376,琰,13,火
5377,罨,14,木
5378,厣,19,木
5379,验,23,木
5380,厌,14,木
5381,宴,10,土
5382,雁,12,木
5383,焰,12,火
5384,艳,24,土
5385,谚,16,木
5386,彦,9,木
5387,焱,12,火
5388,晏,10,土
5389,唁,10,木
5390,砚,12,土
5391,堰,12,土
5392,赝,22,木
5393,餍,23,r
5394,酽,27,木
5395,谳,27,木
5396,央,5,土
5397,泱,9,水
5398,秧,10,火
5399,鸯,16,火
5400,殃,9,火
5401,鞅,14,火
5402,洋,10,水
5403,阳,17,土
5404,杨,13,木
5405,扬,13,火
5406,羊,6,土
5407,疡,14,火
5408,佯,8,火
5409,烊,10,火
5410,徉,9,火
5411,炀,13,火
5412,蛘,12,火
5413,养,15,土
5414,仰,6,木
5415,痒,11,土
5416,样,15,木
5417,漾,15,水
5418,恙,10,土
5419,怏,9,土
5420,要,9,土
5421,约,9,土
5422,邀,20,木
5423,腰,15,火
5424,夭,4,土
5425,妖,7,火
5426,吆,6,火
5427,幺,3,火
5428,摇,14,火
5429,遥,17,火
5430,姚,9,土
5431,尧,12,木
5432,谣,17,火
5433,瑶,15,火
5434,窑,15,木
5435,肴,10,土
5436,珧,11,火
5437,轺,12,火
5438,爻,4,火
5439,徭,13,火
5440,繇,17,火
5441,鳐,21,火
5442,咬,9,火
5443,杳,8,木
5444,窈,10,火
5445,舀,10,火
5446,崾,12,r
5447,药,21,木
5448,耀,20,火
5449,钥,25,金
5450,鹞,21,火
5451,曜,18,火
5452,耶,9,土
5453,噎,15,土
5454,椰,13,木
5455,掖,12,土
5456,爷,13,土
5457,揶,13,土
5458,也,3,土
5459,野,11,土
5460,冶,7,土
5461,业,13,木
5462,夜,8,土
5463,页,9,金
5464,液,12,水
5465,曳,6,金
5466,拽,10,金
5467,腋,14,土
5468,谒,16,金
5469,邺,20,土
5470,靥,23,土
5471,晔,16,火
5472,一,1,土
5473,医,18,土
5474,衣,6,土
5475,依,8,土
5476,椅,12,木
5477,伊,6,土
5478,漪,15,水
5479,咿,9,土
5480,揖,13,土
5481,噫,16,土
5482,猗,12,土
5483,壹,12,土
5484,黟,18,土
5485,移,11,土
5486,疑,14,木
5487,宜,8,木
5488,仪,15,木
5489,姨,9,土
5490,夷,6,土
5491,怡,9,土
5492,颐,15,土
5493,彝,18,土
5494,咦,9,土
5495,贻,12,土
5496,迤,12,土
5497,痍,11,土
5498,胰,12,土
5499,沂,8,水
5500,饴,14,土
5501,圯,6,土
5502,诒,12,土
5503,眙,10,土
5504,嶷,17,土
5505,以,5,土
5506,已,3,木
5507,矣,7,土
5508,乙,1,土
5509,蚁,19,木
5510,倚,10,木
5511,旖,14,土
5512,苡,11,木
5513,舣,19,土
5514,酏,10,土
5515,意,13,土
5516,义,13,木
5517,议,20,木
5518,易,8,火
5519,艺,21,木
5520,译,20,金
5521,异,12,土
5522,益,10,土
5523,亦,6,土
5524,亿,15,土
5525,忆,17,土
5526,谊,15,木
5527,抑,8,土
5528,翼,18,金
5529,役,7,土
5530,溢,14,水
5531,毅,15,木
5532,裔,13,土
5533,逸,15,土
5534,轶,12,火
5535,弈,9,木
5536,翌,11,土
5537,疫,9,木
5538,绎,19,火
5539,奕,9,木
5540,熠,15,火
5541,诣,13,土
5542,弋,3,火
5543,驿,23,木
5544,懿,22,土
5545,呓,22,土
5546,薏,19,木
5547,镒,18,金
5548,缢,16,木
5549,邑,7,土
5550,臆,19,土
5551,刈,4,金
5552,羿,9,木
5553,峄,16,土
5554,怿,17,土
5555,悒,11,木
5556,肄,13,木
5557,佾,8,土
5558,殪,16,土
5559,挹,11,木
5560,埸,11,土
5561,劓,16,金
5562,瘗,15,木
5563,癔,18,土
5564,翊,11,木
5565,蜴,14,木
5566,翳,17,土
5567,因,6,土
5568,音,9,土
5569,阴,16,土
5570,姻,9,土
5571,茵,12,木
5572,荫,17,木
5573,喑,12,土
5574,氤,10,土
5575,堙,12,土
5576,洇,10,水
5577,银,14,金
5578,吟,7,木
5579,寅,11,土
5580,淫,12,水
5581,垠,9,土
5582,鄞,18,土
5583,霪,19,水
5584,狺,11,土
5585,夤,14,土
5586,引,4,土
5587,隐,22,土
5588,瘾,22,土
5589,尹,4,土
5590,蚓,10,土
5591,吲,7,土
5592,印,6,水
5593,胤,11,木
5594,茚,12,木
5595,应,17,土
5596,英,11,木
5597,鹰,23,木
5598,婴,17,土
5599,樱,21,木
5600,膺,19,土
5601,莺,21,木
5602,罂,20,土
5603,鹦,28,土
5604,缨,23,土
5605,瑛,14,土
5606,璎,22,土
5607,撄,21,土
5608,嘤,20,土
5609,营,17,木
5610,迎,11,土
5611,赢,20,火
5612,盈,9,水
5613,蝇,19,木
5614,莹,15,木
5615,荧,14,火
5616,萤,16,木
5617,萦,16,木
5618,瀛,20,水
5619,楹,13,木
5620,茔,13,土
5621,滢,19,水
5622,潆,20,水
5623,蓥,18,木
5624,影,15,土
5625,颖,16,木
5626,颍,15,水
5627,瘿,22,木
5628,郢,14,木
5629,硬,12,木
5630,映,9,火
5631,媵,13,木
5632,育,10,土
5633,唷,11,木
5634,拥,17,土
5635,庸,11,土
5636,佣,13,土
5637,雍,13,土
5638,臃,19,土
5639,邕,10,木
5640,镛,19,r
5641,墉,14,土
5642,慵,15,土
5643,痈,23,木
5644,壅,16,土
5645,饔,22,土
5646,喁,12,土
5647,永,5,土
5648,勇,9,土
5649,踊,16,土
5650,泳,9,水
5651,咏,8,土
5652,俑,9,土
5653,恿,11,土
5654,甬,7,土
5655,蛹,13,土
5656,用,5,土
5657,优,17,土
5658,幽,9,土
5659,忧,15,土
5660,悠,11,土
5661,攸,7,土
5662,呦,8,土
5663,由,5,土
5664,游,13,水
5665,油,9,水
5666,邮,15,土
5667,尤,4,土
5668,犹,13,土
5669,柚,9,木
5670,莸,18,木
5671,铀,13,金
5672,猷,13,土
5673,疣,9,土
5674,蚰,11,土
5675,蝣,15,土
5676,莜,17,木
5677,有,6,土
5678,友,4,土
5679,黝,17,土
5680,酉,7,金
5681,莠,13,木
5682,牖,15,土
5683,卣,7,土
5684,又,2,土
5685,右,5,土
5686,幼,5,土
5687,诱,14,土
5688,佑,7,土
5689,囿,9,土
5690,鼬,18,土
5691,宥,9,土
5692,侑,8,土
5693,蚴,11,土
5694,釉,12,土
5695,迂,10,土
5696,淤,12,水
5697,纡,9,土
5698,瘀,13,土
5699,于,3,土
5700,与,14,土
5701,余,7,土
5702,予,4,土
5703,鱼,11,水
5704,愚,13,木
5705,舆,17,金
5706,娱,10,木
5707,愉,13,金
5708,逾,16,金
5709,渔,15,水
5710,渝,13,水
5711,萸,15,木
5712,瑜,14,金
5713,隅,17,土
5714,揄,13,金
5715,榆,13,木
5716,虞,13,火
5717,禺,9,木
5718,谀,16,土
5719,腴,15,金
5720,竽,9,木
5721,妤,7,水
5722,臾,8,土
5723,欤,18,土
5724,觎,16,金
5725,盂,8,土
5726,窬,14,金
5727,蝓,15,金
5728,嵛,12,土
5729,狳,11,土
5730,舁,10,土
5731,雩,11,水
5732,语,14,木
5733,雨,8,水
5734,宇,6,土
5735,羽,6,土
5736,禹,9,土
5737,圄,10,木
5738,屿,17,土
5739,龉,22,木
5740,伛,13,金
5741,圉,11,木
5742,庾,12,木
5743,瘐,14,木
5744,窳,15,木
5745,俣,9,金
5746,遇,16,木
5747,狱,14,木
5748,欲,11,土
5749,预,13,木
5750,玉,5,木
5751,愈,13,金
5752,域,11,土
5753,誉,21,土
5754,寓,12,木
5755,豫,16,土
5756,粥,12,水
5757,郁,13,水
5758,裕,13,金
5759,浴,11,水
5760,御,11,木
5761,驭,12,木
5762,谕,16,金
5763,毓,13,火
5764,妪,14,木
5765,峪,10,木
5766,芋,9,木
5767,昱,9,火
5768,煜,13,火
5769,熨,15,火
5770,燠,17,火
5771,蓣,19,木
5772,饫,13,木
5773,阈,16,木
5774,鬻,22,木
5775,聿,6,木
5776,钰,13,金
5777,鹆,18,木
5778,鹬,23,木
5779,蜮,14,木
5780,冤,10,土
5781,渊,12,水
5782,鸳,16,土
5783,眢,10,土
5784,鸢,14,土
5785,箢,14,木
5786,员,10,土
5787,元,4,木
5788,原,10,土
5789,园,13,土
5790,源,14,水
5791,圆,13,土
5792,缘,15,土
5793,援,13,土
5794,袁,10,土
5795,猿,14,土
5796,垣,9,土
5797,辕,17,土
5798,沅,8,水
5799,媛,12,火
5800,橼,19,木
5801,爰,9,土
5802,螈,16,土
5803,鼋,17,土
5804,远,17,土
5805,院,15,土
5806,愿,14,木
5807,怨,9,火
5808,苑,11,木
5809,掾,13,r
5810,垸,10,r
5811,瑗,14,木
5812,曰,4,土
5813,月,4,木
5814,越,12,土
5815,阅,15,土
5816,跃,21,土
5817,悦,11,金
5818,岳,17,木
5819,粤,12,土
5820,刖,6,金
5821,瀹,21,水
5822,樾,16,木
5823,龠,17,土
5824,钺,13,金
5825,晕,13,土
5826,氲,14,土
5827,云,12,水
5828,匀,4,木
5829,芸,10,木
5830,耘,10,水
5831,纭,10,木
5832,昀,8,土
5833,郧,17,土
5834,允,4,土
5835,陨,18,土
5836,殒,14,土
5837,狁,8,土
5838,运,16,土
5839,韵,19,土
5840,孕,5,土
5841,蕴,22,木
5842,酝,17,土
5843,愠,14,土
5844,郓,16,土
5845,韫,19,土
5846,恽,13,土
5847,扎,11,金
5848,咂,8,水
5849,匝,5,水
5850,拶,10,水
5851,杂,18,水
5852,咱,9,金
5853,咋,8,金
5854,灾,7,火
5855,哉,9,金
5856,栽,10,金
5857,甾,8,金
5858,载,13,金
5859,仔,5,土
5860,宰,10,金
5861,崽,12,土
5862,在,6,金
5863,再,6,金
5864,簪,18,木
5865,昝,9,金
5866,趱,26,金
5867,赞,19,金
5868,暂,15,火
5869,瓒,24,金
5870,錾,19,金
5871,赃,21,金
5872,臧,14,金
5873,锗,17,金
5874,驵,15,金
5875,脏,23,金
5876,葬,15,木
5877,奘,10,金
5878,遭,18,金
5879,糟,17,金
5880,凿,27,金
5881,早,6,金
5882,澡,17,水
5883,枣,12,金
5884,蚤,10,金
5885,藻,22,水
5886,造,14,金
5887,灶,7,火
5888,躁,20,金
5889,噪,16,金
5890,皂,7,金
5891,燥,17,火
5892,则,9,金
5893,责,11,金
5894,泽,17,水
5895,择,17,火
5896,啧,14,金
5897,迮,12,金
5898,帻,14,金
5899,赜,17,金
5900,笮,11,木
5901,箦,17,木
5902,舴,11,金
5903,仄,4,金
5904,昃,8,金
5905,贼,13,金
5906,怎,9,金
5907,谮,19,金
5908,增,15,土
5909,憎,16,金
5910,缯,18,金
5911,罾,18,金
5912,赠,19,火
5913,综,14,金
5914,甑,17,金
5915,渣,13,水
5916,哳,10,金
5917,吒,6,金
5918,札,5,木
5919,闸,13,金
5920,铡,17,金
5921,眨,10,金
5922,砟,10,土
5923,诈,12,金
5924,乍,5,金
5925,榨,14,木
5926,柞,9,木
5927,咤,6,金
5928,痄,10,金
5929,蚱,11,金
5930,摘,15,火
5931,斋,17,金
5932,宅,6,火
5933,窄,10,金
5934,债,13,金
5935,寨,14,木
5936,砦,10,金
5937,瘵,16,金
5938,占,5,金
5939,沾,9,水
5940,瞻,18,火
5941,詹,13,火
5942,毡,17,金
5943,谵,20,金
5944,旃,10,火
5945,展,10,火
5946,斩,11,火
5947,辗,17,火
5948,盏,13,火
5949,崭,14,土
5950,搌,14,火
5951,战,16,金
5952,站,10,火
5953,绽,14,火
5954,湛,13,水
5955,蘸,25,木
5956,栈,12,木
5957,张,11,火
5958,章,11,火
5959,彰,14,火
5960,璋,16,火
5961,樟,15,木
5962,漳,15,水
5963,嫜,14,火
5964,鄣,18,火
5965,獐,15,火
5966,掌,12,金
5967,涨,15,水
5968,仉,4,火
5969,丈,3,火
5970,帐,11,火
5971,障,19,火
5972,胀,14,火
5973,仗,5,火
5974,杖,7,木
5975,瘴,16,火
5976,嶂,14,土
5977,着,15,金
5978,招,9,火
5979,昭,9,火
5980,钊,10,金
5981,啁,11,火
5982,找,8,火
5983,爪,4,金
5984,沼,9,水
5985,照,13,火
5986,赵,14,火
5987,罩,14,火
5988,兆,6,火
5989,肇,14,木
5990,诏,12,金
5991,棹,12,木
5992,笊,10,木
5993,遮,18,火
5994,蜇,13,火
5995,哲,10,火
5996,辙,19,火
5997,辄,14,火
5998,谪,18,火
5999,蛰,17,火
6000,摺,15,r
6001,磔,15,土
6002,者,10,火
6003,褶,17,火
6004,赭,16,火
6005,这,14,火
6006,浙,11,水
6007,蔗,17,木
6008,鹧,22,火
6009,柘,9,木
6010,真,10,金
6011,针,10,金
6012,珍,10,火
6013,斟,13,金
6014,贞,9,火
6015,侦,11,火
6016,甄,14,金
6017,臻,16,火
6018,箴,15,木
6019,砧,10,土
6020,桢,13,木
6021,蓁,16,木
6022,榛,14,木
6023,胗,11,金
6024,祯,14,火
6025,浈,13,水
6026,诊,12,火
6027,枕,8,木
6028,疹,10,金
6029,缜,16,金
6030,畛,10,金
6031,轸,12,火
6032,稹,15,金
6033,阵,15,火
6034,镇,18,金
6035,震,15,水
6036,圳,6,土
6037,振,11,火
6038,赈,14,金
6039,朕,10,火
6040,鸩,15,火
6041,正,5,金
6042,争,8,火
6043,征,8,火
6044,挣,12,金
6045,症,20,金
6046,睁,13,金
6047,徵,15,r
6048,蒸,16,木
6049,怔,9,金
6050,筝,14,木
6051,铮,16,金
6052,峥,11,土
6053,狰,12,金
6054,钲,13,金
6055,拯,10,金
6056,政,8,火
6057,证,19,火
6058,郑,19,火
6059,诤,15,火
6060,帧,12,金
6061,之,4,火
6062,只,5,火
6063,知,8,火
6064,指,10,金
6065,支,4,火
6066,织,18,金
6067,枝,8,木
6068,汁,6,水
6069,掷,19,火
6070,芝,10,木
6071,吱,7,金
6072,肢,10,火
6073,脂,12,金
6074,蜘,14,金
6075,栀,11,金
6076,卮,5,金
6077,胝,11,金
6078,祗,10,木
6079,直,8,火
6080,职,18,火
6081,执,11,火
6082,植,12,木
6083,侄,8,金
6084,踯,22,金
6085,摭,15,金
6086,絷,17,金
6087,跖,18,土
6088,埴,11,土
6089,纸,10,金
6090,止,4,火
6091,址,7,土
6092,旨,6,火
6093,趾,11,金
6094,咫,9,金
6095,芷,10,木
6096,枳,9,木
6097,祉,9,火
6098,轵,12,金
6099,黹,12,金
6100,至,6,火
6101,制,8,火
6102,治,9,水
6103,志,7,火
6104,致,9,火
6105,质,15,火
6106,智,12,火
6107,置,14,火
6108,秩,10,火
6109,滞,15,水
6110,帜,15,金
6111,稚,13,土
6112,挚,15,金
6113,窒,11,火
6114,炙,8,火
6115,痔,11,火
6116,栉,19,木
6117,桎,10,木
6118,帙,8,火
6119,轾,13,土
6120,贽,18,火
6121,痣,12,火
6122,豸,7,火
6123,陟,15,金
6124,忮,8,金
6125,彘,12,火
6126,膣,17,火
6127,雉,13,火
6128,鸷,22,火
6129,骘,20,火
6130,蛭,12,土
6131,踬,22,火
6132,郅,13,火
6133,觯,19,火
6134,中,4,火
6135,终,11,金
6136,钟,20,金
6137,忠,8,火
6138,衷,10,火
6139,锺,17,r
6140,盅,9,火
6141,螽,17,火
6142,肿,15,火
6143,踵,16,火
6144,冢,13,火
6145,众,11,金
6146,仲,6,火
6147,周,8,金
6148,州,6,金
6149,洲,10,水
6150,舟,6,金
6151,诌,17,金
6152,轴,12,火
6153,妯,8,金
6154,碡,14,金
6155,肘,9,金
6156,帚,8,金
6157,皱,15,金
6158,骤,24,金
6159,宙,8,金
6160,昼,11,金
6161,胄,11,火
6162,纣,9,火
6163,绉,16,金
6164,酎,10,金
6165,诸,16,金
6166,朱,6,木
6167,珠,11,金
6168,猪,16,火
6169,株,10,木
6170,蛛,12,金
6171,洙,10,水
6172,诛,13,金
6173,铢,14,金
6174,茱,12,木
6175,邾,13,金
6176,潴,20,水
6177,槠,20,木
6178,橥,20,木
6179,侏,8,金
6180,逐,14,火
6181,筑,15,木
6182,竹,6,木
6183,烛,17,火
6184,躅,20,火
6185,竺,8,木
6186,舳,11,火
6187,瘃,13,金
6188,主,5,金
6189,嘱,24,金
6190,瞩,26,金
6191,拄,9,金
6192,渚,13,水
6193,麈,16,金
6194,住,7,火
6195,注,9,水
6196,助,7,金
6197,著,15,金
6198,驻,15,火
6199,祝,10,火
6200,柱,9,木
6201,铸,22,金
6202,伫,7,金
6203,贮,12,金
6204,箸,15,木
6205,炷,9,火
6206,蛀,11,金
6207,杼,8,木
6208,翥,15,金
6209,疰,10,金
6210,抓,8,金
6211,转,18,火
6212,专,11,金
6213,砖,16,土
6214,颛,18,金
6215,赚,17,木
6216,撰,16,火
6217,篆,15,木
6218,啭,21,火
6219,馔,21,火
6220,装,13,金
6221,庄,13,金
6222,妆,7,金
6223,桩,15,木
6224,状,8,水
6225,壮,7,金
6226,撞,16,金
6227,僮,14,金
6228,追,13,火
6229,锥,16,金
6230,骓,18,火
6231,坠,15,土
6232,缀,14,火
6233,赘,18,火
6234,惴,13,火
6235,缒,16,火
6236,谆,15,金
6237,肫,10,土
6238,窀,9,土
6239,准,10,土
6240,桌,10,木
6241,捉,11,火
6242,卓,8,火
6243,拙,9,金
6244,涿,12,水
6245,倬,10,火
6246,琢,13,火
6247,灼,7,火
6248,酌,10,金
6249,浊,17,水
6250,濯,18,水
6251,茁,11,木
6252,啄,11,火
6253,斫,9,木
6254,镯,21,金
6255,诼,15,金
6256,禚,15,火
6257,擢,18,火
6258,浞,11,水
6259,资,13,金
6260,咨,9,金
6261,滋,14,水
6262,姿,9,金
6263,孜,7,金
6264,谘,16,火
6265,龇,20,火
6266,锱,16,金
6267,辎,15,火
6268,淄,12,水
6269,髭,15,火
6270,赀,12,火
6271,孳,13,木
6272,粢,12,火
6273,趑,13,火
6274,觜,12,火
6275,訾,12,火
6276,缁,14,火
6277,鲻,19,火
6278,嵫,13,土
6279,子,3,水
6280,紫,11,金
6281,梓,11,木
6282,姊,8,火
6283,籽,9,火
6284,滓,14,水
6285,秭,10,火
6286,笫,11,火
6287,耔,9,火
6288,自,6,火
6289,字,6,金
6290,渍,15,水
6291,恣,10,火
6292,眦,10,火
6293,宗,8,金
6294,踪,18,金
6295,棕,12,木
6296,鬃,18,金
6297,总,17,金
6298,偬,13,火
6299,纵,17,火
6300,粽,14,金
6301,邹,17,金
6302,诹,15,金
6303,陬,16,金
6304,鄹,21,金
6305,驺,20,金
6306,鲰,19,金
6307,走,7,金
6308,奏,9,火
6309,揍,13,金
6310,租,10,金
6311,菹,14,木
6312,足,7,火
6313,族,11,金
6314,镞,19,金
6315,组,11,金
6316,祖,10,金
6317,阻,13,金
6318,诅,12,金
6319,俎,9,金
6320,钻,27,金
6321,躜,26,木
6322,纂,20,木
6323,缵,25,木
6324,攥,23,木
6325,嘴,15,木
6326,最,12,木
6327,罪,14,木
6328,醉,15,木
6329,蕞,18,木
6330,尊,12,金
6331,遵,19,金
6332,樽,16,木
6333,鳟,23,金
6334,撙,16,金
6335,作,7,金
6336,昨,9,金
6337,左,5,火
6338,佐,7,金
6339,做,11,金
6340,坐,7,金
6341,座,10,金
6342,怍,9,金
6343,胙,11,金
6344,阼,13,金
6345,唑,10,金
6346,祚,10,金